{
	"credit": "Made with Blockbench, a free, modern block model editor made by JannisX11",
	"textures": {"texture": "item/m40"},
	"elements": [
		{
			"name": "cube",
			"from": [3.4375, 9.5625, 12],
			"to": [18.875, 10, 12.4375],
			"shade": true,
			"faces": {
				"north": {
					"uv": [8.25, 6.25, 12.75, 7.5],
					"texture": "#texture"
				},
				"east": {
					"uv": [10, 6.25, 11, 6.75],
					"texture": "#texture"
				},
				"south": {
					"uv": [8.25, 6.25, 12.75, 7.5],
					"texture": "#texture"
				},
				"west": {
					"uv": [9.5, 6.25, 10.5, 6.75],
					"texture": "#texture"
				},
				"up": {
					"uv": [9, 6.75, 12.5, 7.25],
					"texture": "#texture"
				},
				"down": {
					"uv": [8.5, 6, 12.75, 6.5],
					"texture": "#texture"
				}
			}
		},
		{
			"name": "cube",
			"from": [10, 8.5, 11.75],
			"to": [12, 9.5, 12.75],
			"shade": true,
			"faces": {
				"north": {
					"uv": [3, 1.5, 7.5, 3.5],
					"texture": "#texture"
				},
				"east": {
					"uv": [3, 1.5, 4.25, 3.5],
					"texture": "#texture"
				},
				"south": {
					"uv": [3, 1.5, 7.5, 3.5],
					"texture": "#texture"
				},
				"west": {
					"uv": [3, 1.5, 4.25, 3.5],
					"texture": "#texture"
				},
				"up": {"uv": [3, 1.5, 7.5, 2], "texture": "#texture"},
				"down": {"uv": [3, 3, 7.5, 3.5], "texture": "#texture"}
			}
		},
		{
			"name": "cube",
			"from": [12, 8.75, 11.75],
			"to": [13, 9.5, 12.75],
			"shade": true,
			"faces": {
				"north": {
					"uv": [3, 1.5, 7.5, 3.5],
					"texture": "#texture"
				},
				"east": {
					"uv": [3, 1.5, 5.25, 3.5],
					"texture": "#texture"
				},
				"south": {
					"uv": [3, 1.5, 7.5, 3.5],
					"texture": "#texture"
				},
				"west": {
					"uv": [3, 1.5, 5.25, 3.5],
					"texture": "#texture"
				},
				"up": {"uv": [3, 1.5, 7.25, 2], "texture": "#texture"},
				"down": {"uv": [3, 3, 7.25, 3.5], "texture": "#texture"}
			}
		},
		{
			"name": "cube",
			"from": [3.5, 8.5, 11.75],
			"to": [10, 9.5, 12.75],
			"shade": true,
			"faces": {
				"north": {
					"uv": [3, 1.5, 7.5, 3.5],
					"texture": "#texture"
				},
				"east": {
					"uv": [3, 1.75, 4, 3.5],
					"texture": "#texture"
				},
				"south": {
					"uv": [3, 1.5, 7.5, 3.5],
					"texture": "#texture"
				},
				"west": {
					"uv": [3, 1.75, 4, 3.5],
					"texture": "#texture"
				},
				"up": {
					"uv": [8, 6.5, 13.75, 7.5],
					"texture": "#texture"
				},
				"down": {"uv": [3, 3, 7.5, 3.5], "texture": "#texture"}
			}
		},
		{
			"name": "cube",
			"from": [3.5, 8.25, 11.75],
			"to": [8.75, 8.5, 12.75],
			"shade": true,
			"faces": {
				"north": {
					"uv": [3, 3, 7.5, 3.5],
					"texture": "#texture"
				},
				"east": {
					"uv": [3.5, 2.5, 4.5, 2.75],
					"texture": "#texture"
				},
				"south": {
					"uv": [3, 3, 7.5, 3.5],
					"texture": "#texture"
				},
				"west": {
					"uv": [3.5, 2.5, 4.5, 2.75],
					"texture": "#texture"
				},
				"up": {"uv": [3, 2.5, 7.25, 3], "texture": "#texture"},
				"down": {"uv": [3, 3, 7.25, 3.5], "texture": "#texture"}
			}
		},
		{
			"name": "cube",
			"from": [3.5, 8, 11.75],
			"to": [7.25, 8.25, 12.75],
			"shade": true,
			"faces": {
				"north": {
					"uv": [3, 3.25, 6.75, 3.5],
					"texture": "#texture"
				},
				"east": {
					"uv": [4.75, 3.25, 5.75, 3.5],
					"texture": "#texture"
				},
				"south": {
					"uv": [3, 3.25, 6.75, 3.5],
					"texture": "#texture"
				},
				"west": {
					"uv": [4.75, 3.25, 5.75, 3.5],
					"texture": "#texture"
				},
				"up": {
					"uv": [3.25, 3, 6.75, 3.5],
					"texture": "#texture"
				},
				"down": {
					"uv": [3.25, 3, 6.75, 3.5],
					"texture": "#texture"
				}
			}
		},
		{
			"name": "cube",
			"from": [-1.375, 6.1875, 11.75],
			"to": [4, 7.625, 12.75],
			"shade": true,
			"faces": {
				"north": {
					"uv": [3, 1.75, 7.5, 3.25],
					"texture": "#texture"
				},
				"east": {
					"uv": [3, 1.5, 4, 2.75],
					"texture": "#texture"
				},
				"south": {
					"uv": [3, 1.75, 7.5, 3.25],
					"texture": "#texture"
				},
				"west": {
					"uv": [3, 1.5, 4, 2.75],
					"texture": "#texture"
				},
				"up": {"uv": [3, 1.5, 7.5, 2], "texture": "#texture"},
				"down": {
					"uv": [3, 2.25, 7.5, 2.75],
					"texture": "#texture"
				}
			},
			"rotation": {
				"angle": 22.5,
				"axis": "z",
				"origin": [-1.375, 7.625, 11.75]
			}
		},
		{
			"name": "cube",
			"from": [-3.1875, 7.0625, 11.75],
			"to": [0.0625, 8.5625, 12.75],
			"shade": true,
			"faces": {
				"north": {
					"uv": [3, 1.75, 7.5, 2.75],
					"texture": "#texture"
				},
				"east": {
					"uv": [3.5, 1.5, 4.5, 2.75],
					"texture": "#texture"
				},
				"south": {
					"uv": [3, 1.75, 7.5, 2.75],
					"texture": "#texture"
				},
				"west": {
					"uv": [3.5, 1.5, 4.5, 2.75],
					"texture": "#texture"
				},
				"up": {"uv": [3, 1.5, 7.5, 2], "texture": "#texture"},
				"down": {
					"uv": [3, 2.25, 7.5, 2.75],
					"texture": "#texture"
				}
			}
		},
		{
			"name": "cube",
			"from": [-4.5, 6.3125, 11.75],
			"to": [-1.75, 8.5625, 12.75],
			"shade": true,
			"faces": {
				"north": {
					"uv": [3, 1.75, 7.5, 3],
					"texture": "#texture"
				},
				"east": {"uv": [4, 1.5, 5, 2], "texture": "#texture"},
				"south": {
					"uv": [3, 1.75, 7.5, 3],
					"texture": "#texture"
				},
				"west": {"uv": [4, 1.5, 5, 2], "texture": "#texture"},
				"up": {"uv": [3, 1.5, 7.5, 2], "texture": "#texture"},
				"down": {"uv": [3, 3, 7.5, 3.5], "texture": "#texture"}
			}
		},
		{
			"name": "cube",
			"from": [0.0625, 7.75, 11.75],
			"to": [1.4375, 8.5625, 12.75],
			"shade": true,
			"faces": {
				"north": {
					"uv": [3, 1.5, 7.25, 3],
					"texture": "#texture"
				},
				"east": {"uv": [3, 1.75, 4, 3], "texture": "#texture"},
				"south": {
					"uv": [3, 1.5, 7.25, 3],
					"texture": "#texture"
				},
				"west": {"uv": [3, 1.75, 4, 3], "texture": "#texture"},
				"up": {"uv": [3, 1.5, 7.5, 2], "texture": "#texture"},
				"down": {
					"uv": [3, 2.25, 7.5, 2.75],
					"texture": "#texture"
				}
			},
			"rotation": {
				"angle": -45,
				"axis": "z",
				"origin": [0.0625, 8.5625, 11.75]
			}
		},
		{
			"name": "cube",
			"from": [-3, 5.5, 11.75],
			"to": [-1.0625, 6.9375, 12.75],
			"shade": true,
			"faces": {
				"north": {
					"uv": [3.25, 2, 7.5, 3.25],
					"texture": "#texture"
				},
				"east": {"uv": [4, 2, 5, 3], "texture": "#texture"},
				"south": {
					"uv": [3.25, 2, 7.5, 3.25],
					"texture": "#texture"
				},
				"west": {"uv": [4, 2, 5, 3], "texture": "#texture"},
				"up": {"uv": [3, 2, 6.75, 3], "texture": "#texture"},
				"down": {"uv": [3, 3, 6.75, 3.5], "texture": "#texture"}
			},
			"rotation": {
				"angle": 22.5,
				"axis": "z",
				"origin": [-3, 6.9375, 11.75]
			}
		},
		{
			"name": "cube",
			"from": [-4.5, 5.5, 11.75],
			"to": [-2.25, 7, 12.75],
			"shade": true,
			"faces": {
				"north": {
					"uv": [3, 2, 7.5, 3.25],
					"texture": "#texture"
				},
				"east": {
					"uv": [4.75, 1.5, 6, 2],
					"texture": "#texture"
				},
				"south": {
					"uv": [3, 2, 7.5, 3.25],
					"texture": "#texture"
				},
				"west": {
					"uv": [4.75, 1.5, 6, 2],
					"texture": "#texture"
				},
				"up": {"uv": [3, 1.5, 7.25, 2], "texture": "#texture"},
				"down": {"uv": [3, 3, 7.25, 3.5], "texture": "#texture"}
			}
		},
		{
			"name": "cube",
			"from": [3.75, 7.5, 12],
			"to": [4, 8, 12.5],
			"shade": true,
			"faces": {
				"north": {
					"uv": [8.75, 6.25, 11.75, 7.25],
					"texture": "#texture"
				},
				"east": {
					"uv": [10.5, 6.25, 11.5, 7.5],
					"texture": "#texture"
				},
				"south": {
					"uv": [8.75, 6.25, 11.75, 7.25],
					"texture": "#texture"
				},
				"west": {
					"uv": [10.5, 6.25, 11.5, 7.5],
					"texture": "#texture"
				},
				"up": {
					"uv": [8.75, 6.5, 10.75, 7.5],
					"texture": "#texture"
				},
				"down": {
					"uv": [8.75, 6.5, 10.75, 7.5],
					"texture": "#texture"
				}
			}
		},
		{
			"name": "cube",
			"from": [4.3125, 7.25, 12],
			"to": [5.0625, 7.5625, 12.5],
			"shade": true,
			"faces": {
				"north": {
					"uv": [8.25, 6.25, 13.75, 7.25],
					"texture": "#texture"
				},
				"east": {
					"uv": [10, 6.25, 11, 7.5],
					"texture": "#texture"
				},
				"south": {
					"uv": [8.25, 6.25, 13.75, 7.25],
					"texture": "#texture"
				},
				"west": {
					"uv": [10, 6.25, 11, 7.5],
					"texture": "#texture"
				},
				"up": {
					"uv": [9, 6.5, 13.25, 7.5],
					"texture": "#texture"
				},
				"down": {
					"uv": [9, 6.5, 13.25, 7.5],
					"texture": "#texture"
				}
			},
			"rotation": {
				"angle": 45,
				"axis": "z",
				"origin": [4.3125, 7.5625, 12]
			}
		},
		{
			"name": "cube",
			"from": [3.75, 7.3125, 12],
			"to": [4.5, 7.5625, 12.5],
			"shade": true,
			"faces": {
				"north": {
					"uv": [8.25, 6.5, 13.75, 7],
					"texture": "#texture"
				},
				"east": {
					"uv": [8.75, 6.5, 9.75, 7.5],
					"texture": "#texture"
				},
				"south": {
					"uv": [8.25, 6.5, 13.75, 7],
					"texture": "#texture"
				},
				"west": {
					"uv": [8.75, 6.5, 9.75, 7.5],
					"texture": "#texture"
				},
				"up": {
					"uv": [8.25, 6, 12.5, 6.25],
					"texture": "#texture"
				},
				"down": {
					"uv": [8.25, 6, 12.5, 6.25],
					"texture": "#texture"
				}
			}
		},
		{
			"name": "cube",
			"from": [-0.0625, 5.9375, 11.75],
			"to": [1.3125, 6.75, 12.75],
			"shade": true,
			"faces": {
				"north": {
					"uv": [3, 1.5, 7.25, 3],
					"texture": "#texture"
				},
				"east": {"uv": [3, 1.75, 4, 3], "texture": "#texture"},
				"south": {
					"uv": [3, 1.5, 7.25, 3],
					"texture": "#texture"
				},
				"west": {"uv": [3, 1.75, 4, 3], "texture": "#texture"},
				"up": {"uv": [3, 1.5, 7.5, 2], "texture": "#texture"},
				"down": {
					"uv": [3, 2.25, 7.5, 2.75],
					"texture": "#texture"
				}
			},
			"rotation": {
				"angle": 45,
				"axis": "z",
				"origin": [-0.0625, 6.75, 11.75]
			}
		},
		{
			"name": "cube",
			"from": [0, 6.5, 11.75],
			"to": [0.875, 7.3125, 12.75],
			"shade": true,
			"faces": {
				"north": {
					"uv": [3, 1.5, 7.25, 3],
					"texture": "#texture"
				},
				"east": {"uv": [3, 1.75, 4, 3], "texture": "#texture"},
				"south": {
					"uv": [3, 1.5, 7.25, 3],
					"texture": "#texture"
				},
				"west": {"uv": [3, 1.75, 4, 3], "texture": "#texture"},
				"up": {"uv": [3, 1.5, 7.5, 2], "texture": "#texture"},
				"down": {
					"uv": [3, 2.25, 7.5, 2.75],
					"texture": "#texture"
				}
			},
			"rotation": {
				"angle": -22.5,
				"axis": "z",
				"origin": [0, 7.3125, 11.75]
			}
		},
		{
			"name": "cube",
			"from": [13, 9, 11.75],
			"to": [13.75, 9.5, 12.75],
			"shade": true,
			"faces": {
				"north": {
					"uv": [3, 1.5, 7.5, 3.5],
					"texture": "#texture"
				},
				"east": {
					"uv": [3, 1.5, 5.25, 3.5],
					"texture": "#texture"
				},
				"south": {
					"uv": [3, 1.5, 7.5, 3.5],
					"texture": "#texture"
				},
				"west": {
					"uv": [3, 1.5, 5.25, 3.5],
					"texture": "#texture"
				},
				"up": {"uv": [3, 1.5, 7.25, 2], "texture": "#texture"},
				"down": {"uv": [3, 3, 7.25, 3.5], "texture": "#texture"}
			}
		},
		{
			"name": "cube",
			"from": [13.75, 9.25, 11.75],
			"to": [14.5, 9.5, 12.75],
			"shade": true,
			"faces": {
				"north": {
					"uv": [3, 1.5, 7.5, 3.5],
					"texture": "#texture"
				},
				"east": {
					"uv": [3, 1.5, 5.25, 3.5],
					"texture": "#texture"
				},
				"south": {
					"uv": [3, 1.5, 7.5, 3.5],
					"texture": "#texture"
				},
				"west": {
					"uv": [3, 1.5, 5.25, 3.5],
					"texture": "#texture"
				},
				"up": {"uv": [3, 1.5, 7.25, 2], "texture": "#texture"},
				"down": {"uv": [3, 3, 7.25, 3.5], "texture": "#texture"}
			}
		},
		{
			"name": "cube",
			"from": [3.75, 9.5, 11.75],
			"to": [14.5, 9.75, 12.75],
			"shade": true,
			"faces": {
				"north": {
					"uv": [8.25, 6.25, 12.75, 7.5],
					"texture": "#texture"
				},
				"east": {
					"uv": [10, 6.25, 11, 6.75],
					"texture": "#texture"
				},
				"south": {
					"uv": [8.25, 6.25, 12.75, 7.5],
					"texture": "#texture"
				},
				"west": {
					"uv": [9.5, 6.25, 10.5, 6.75],
					"texture": "#texture"
				},
				"up": {
					"uv": [9, 6.75, 12.5, 7.25],
					"texture": "#texture"
				},
				"down": {
					"uv": [8.5, 6, 12.75, 6.5],
					"texture": "#texture"
				}
			}
		}
	],
	"display": {
		"thirdperson": {
			"rotation": [ 180, 90, -105 ],
			"translation": [ 2.3, 1.5, -1.65 ],
			"scale": [ 1, 1, 1 ]
		},
		"ground": {
			"rotation": [ 0, 0, 0 ],
			"translation": [ -1.1, -15, 2 ],
			"scale": [ 4, 4, 4 ]
		},
		"fixed": {
			"rotation": [ 0, 0, 0 ],
			"translation": [ 0, 0, -1.32 ],
			"scale": [ 1, 1, 1 ]
		},
		"firstperson": {
			"rotation": [ 0, 48, 0 ],
			"translation": [ 1, -0.5, -8 ],
			"scale": [ 4, 4, 4 ]
		},
		"gui": {
			"rotation": [ 0, 185, 0 ],
			"translation": [ 3, 3, 0 ],
			"scale": [ 1.35, 2.5, 1.35 ]
		}
	}
}