{
	"credit": "Mansor Network",
	"textures": {
		"6": "item/dark_wood",
		"string": "item/white",
		"pins": "item/gray4",
		"bolt_shaft": "item/wood",
		"bolt_fletch": "item/gray4",
		"particle": "item/dark_wood"
	},
	"elements": [
		{
			"from": [7, 6, 0],
			"to": [9, 7, 12],
			"faces": {
				"north": {"uv": [0, 0, 0, 0], "texture": "#6"},
				"east": {"uv": [4, 9, 16, 10], "texture": "#6"},
				"south": {"uv": [7, 9, 9, 10], "texture": "#6"},
				"west": {"uv": [0, 9, 12, 10], "texture": "#6"},
				"up": {"uv": [7, 0, 9, 12], "texture": "#6"},
				"down": {"uv": [9, 12, 7, 0], "texture": "#6"}
			}
		},
		{
			"from": [8.5, 7, 0],
			"to": [9, 7.5, 12],
			"faces": {
				"north": {"uv": [7, 8.5, 7.5, 9], "texture": "#6"},
				"east": {"uv": [4, 8.5, 16, 9], "texture": "#6"},
				"south": {"uv": [8.5, 8.5, 9, 9], "texture": "#6"},
				"west": {"uv": [0, 8.5, 12, 9], "texture": "#6"},
				"up": {"uv": [8.5, 0, 9, 12], "texture": "#6"},
				"down": {"uv": [0, 0, 0, 0], "texture": "#6"}
			}
		},
		{
			"from": [7, 7, 0],
			"to": [7.5, 7.5, 12],
			"faces": {
				"north": {"uv": [8.5, 8.5, 9, 9], "texture": "#6"},
				"east": {"uv": [4, 8.5, 16, 9], "texture": "#6"},
				"south": {"uv": [7, 8.5, 7.5, 9], "texture": "#6"},
				"west": {"uv": [0, 8.5, 12, 9], "texture": "#6"},
				"up": {"uv": [7, 0, 7.5, 12], "texture": "#6"},
				"down": {"uv": [0, 0, 0, 0], "texture": "#6"}
			}
		},
		{
			"from": [3, 7, 1.5],
			"to": [7, 8, 2.5],
			"rotation": {"angle": 22.5, "axis": "y", "origin": [3, 7, 1.5]},
			"faces": {
				"north": {"uv": [4, 9, 7, 10], "texture": "#6"},
				"east": {"uv": [15, 9, 16, 10], "texture": "#6"},
				"south": {"uv": [9, 9, 12, 10], "texture": "#6"},
				"west": {"uv": [0, 0, 0, 0], "texture": "#6"},
				"up": {"uv": [9, 0, 12, 1], "texture": "#6"},
				"down": {"uv": [7, 1, 4, 0], "texture": "#6"}
			}
		},
		{
			"from": [9.3125, 7, 0],
			"to": [13.3125, 8, 1],
			"rotation": {"angle": -22.5, "axis": "y", "origin": [9.3125, 7, 0]},
			"faces": {
				"north": {"uv": [4, 9, 7, 10], "texture": "#6"},
				"east": {"uv": [15, 9, 16, 10], "texture": "#6"},
				"south": {"uv": [9, 9, 12, 10], "texture": "#6"},
				"west": {"uv": [0, 9, 1, 10], "texture": "#6"},
				"up": {"uv": [9, 0, 12, 1], "texture": "#6"},
				"down": {"uv": [7, 1, 4, 0], "texture": "#6"}
			}
		},
		{
			"from": [13, 7, 1.5],
			"to": [17, 8, 2.5],
			"rotation": {"angle": -22.5, "axis": "y", "origin": [13, 7, 1.5]},
			"faces": {
				"north": {"uv": [4, 9, 7, 10], "texture": "#6"},
				"east": {"uv": [15, 9, 16, 10], "texture": "#6"},
				"south": {"uv": [9, 9, 12, 10], "texture": "#6"},
				"west": {"uv": [0, 9, 1, 10], "texture": "#6"},
				"up": {"uv": [9, 0, 12, 1], "texture": "#6"},
				"down": {"uv": [7, 1, 4, 0], "texture": "#6"}
			}
		},
		{
			"from": [-0.6875, 7, 3],
			"to": [3.3125, 8, 4],
			"rotation": {"angle": 22.5, "axis": "y", "origin": [-0.6875, 7, 3]},
			"faces": {
				"north": {"uv": [4, 9, 7, 10], "texture": "#6"},
				"east": {"uv": [0, 0, 0, 0], "texture": "#6"},
				"south": {"uv": [9, 9, 12, 10], "texture": "#6"},
				"west": {"uv": [0, 9, 1, 10], "texture": "#6"},
				"up": {"uv": [9, 0, 12, 1], "texture": "#6"},
				"down": {"uv": [7, 1, 4, 0], "texture": "#6"}
			}
		},
		{
			"from": [-0.125, 7.25, 3.625],
			"to": [11.875, 7.75, 4.125],
			"rotation": {"angle": -45, "axis": "y", "origin": [-0.125, 7.25, 3.625]},
			"faces": {
				"north": {"uv": [7, 8.25, 16, 8.75], "texture": "#string"},
				"east": {"uv": [13, 8.25, 13.5, 8.75], "texture": "#string"},
				"south": {"uv": [0, 8.25, 9, 8.75], "texture": "#string"},
				"west": {"uv": [2.5, 8.25, 3, 8.75], "texture": "#string"},
				"up": {"uv": [0, 2.5, 9, 3], "texture": "#string"},
				"down": {"uv": [16, 3, 7, 2.5], "texture": "#string"}
			}
		},
		{
			"from": [6, 6, 0],
			"to": [7, 7, 1],
			"faces": {
				"north": {"uv": [9, 9, 10, 10], "texture": "#6"},
				"east": {"uv": [0, 0, 0, 0], "texture": "#6"},
				"south": {"uv": [6, 9, 7, 10], "texture": "#6"},
				"west": {"uv": [0.5, 9, 1.5, 10], "texture": "#6"},
				"up": {"uv": [6, 0.5, 7, 1.5], "texture": "#6"},
				"down": {"uv": [10, 1.5, 9, 0.5], "texture": "#6"}
			}
		},
		{
			"from": [9, 6, 0],
			"to": [10, 7, 1],
			"faces": {
				"north": {"uv": [9, 9, 10, 10], "texture": "#6"},
				"east": {"uv": [14.5, 9, 15.5, 10], "texture": "#6"},
				"south": {"uv": [6, 9, 7, 10], "texture": "#6"},
				"west": {"uv": [0, 0, 0, 0], "texture": "#6"},
				"up": {"uv": [6, 0.5, 7, 1.5], "texture": "#6"},
				"down": {"uv": [10, 1.5, 9, 0.5], "texture": "#6"}
			}
		},
		{
			"from": [6.5, 6, -0.5],
			"to": [9.5, 7, 0],
			"faces": {
				"north": {"uv": [6.5, 9, 9.5, 10], "texture": "#6"},
				"east": {"uv": [16, 9, 16, 10], "texture": "#6"},
				"south": {"uv": [6.5, 9, 9.5, 10], "texture": "#6"},
				"west": {"uv": [0, 9, 0, 10], "texture": "#6"},
				"up": {"uv": [6.5, 0, 9.5, 0], "texture": "#6"},
				"down": {"uv": [9.5, 0, 6.5, 0], "texture": "#6"}
			}
		},
		{
			"from": [7.5, 5, 9],
			"to": [8.5, 6, 16],
			"faces": {
				"north": {"uv": [7.5, 10, 8.5, 11], "texture": "#6"},
				"east": {"uv": [0, 10, 7, 11], "texture": "#6"},
				"south": {"uv": [7.5, 10, 8.5, 11], "texture": "#6"},
				"west": {"uv": [9, 10, 16, 11], "texture": "#6"},
				"up": {"uv": [7.5, 9, 8.5, 16], "texture": "#6"},
				"down": {"uv": [8.5, 16, 7.5, 9], "texture": "#6"}
			}
		},
		{
			"from": [7.5, 6, 12],
			"to": [8.5, 7, 14],
			"faces": {
				"north": {"uv": [0, 0, 0, 0], "texture": "#6"},
				"east": {"uv": [2, 9, 4, 10], "texture": "#6"},
				"south": {"uv": [7.5, 9, 8.5, 10], "texture": "#6"},
				"west": {"uv": [12, 9, 14, 10], "texture": "#6"},
				"up": {"uv": [7.5, 12, 8.5, 14], "texture": "#6"},
				"down": {"uv": [0, 0, 0, 0], "texture": "#6"}
			}
		},
		{
			"from": [7.5, 5.5, 6],
			"to": [8.5, 6, 9],
			"faces": {
				"north": {"uv": [7.5, 10, 8.5, 10.5], "texture": "#6"},
				"east": {"uv": [7, 10, 10, 10.5], "texture": "#6"},
				"south": {"uv": [0, 0, 0, 0], "texture": "#6"},
				"west": {"uv": [6, 10, 9, 10.5], "texture": "#6"},
				"up": {"uv": [0, 0, 0, 0], "texture": "#6"},
				"down": {"uv": [8.5, 9, 7.5, 6], "texture": "#6"}
			}
		},
		{
			"from": [7.5, 6, 14],
			"to": [8.5, 6.5, 15],
			"faces": {
				"north": {"uv": [0, 0, 0, 0], "texture": "#6"},
				"east": {"uv": [1, 9.5, 2, 10], "texture": "#6"},
				"south": {"uv": [7.5, 9.5, 8.5, 10], "texture": "#6"},
				"west": {"uv": [14, 9.5, 15, 10], "texture": "#6"},
				"up": {"uv": [7.5, 14, 8.5, 15], "texture": "#6"},
				"down": {"uv": [0, 0, 0, 0], "texture": "#6"}
			}
		},
		{
			"from": [7.5, 7, 12],
			"to": [8.5, 7.5, 13],
			"faces": {
				"north": {"uv": [7.5, 8.5, 8.5, 9], "texture": "#6"},
				"east": {"uv": [3, 8.5, 4, 9], "texture": "#6"},
				"south": {"uv": [7.5, 8.5, 8.5, 9], "texture": "#6"},
				"west": {"uv": [12, 8.5, 13, 9], "texture": "#6"},
				"up": {"uv": [7.5, 12, 8.5, 13], "texture": "#6"},
				"down": {"uv": [0, 0, 0, 0], "texture": "#6"}
			}
		},
		{
			"from": [6.5, 6.1875, 1.5],
			"to": [7, 7.1875, 2.5],
			"rotation": {"angle": 45, "axis": "x", "origin": [6.5, 7.1875, 1.5]},
			"faces": {
				"north": {"uv": [9, 8.8125, 9.5, 9.8125], "texture": "#pins"},
				"east": {"uv": [13.5, 8.8125, 14.5, 9.8125], "texture": "#pins"},
				"south": {"uv": [6.5, 8.8125, 7, 9.8125], "texture": "#pins"},
				"west": {"uv": [1.5, 8.8125, 2.5, 9.8125], "texture": "#pins"},
				"up": {"uv": [6.5, 1.5, 7, 2.5], "texture": "#pins"},
				"down": {"uv": [9.5, 2.5, 9, 1.5], "texture": "#pins"}
			}
		},
		{
			"from": [9, 6.1875, 1.5],
			"to": [9.5, 7.1875, 2.5],
			"rotation": {"angle": 45, "axis": "x", "origin": [9, 7.1875, 1.5]},
			"faces": {
				"north": {"uv": [9, 8.8125, 9.5, 9.8125], "texture": "#pins"},
				"east": {"uv": [13.5, 8.8125, 14.5, 9.8125], "texture": "#pins"},
				"south": {"uv": [6.5, 8.8125, 7, 9.8125], "texture": "#pins"},
				"west": {"uv": [1.5, 8.8125, 2.5, 9.8125], "texture": "#pins"},
				"up": {"uv": [6.5, 1.5, 7, 2.5], "texture": "#pins"},
				"down": {"uv": [9.5, 2.5, 9, 1.5], "texture": "#pins"}
			}
		},
		{
			"from": [7.5, 6.6875, 10.9375],
			"to": [8.5, 7.6875, 11.4375],
			"rotation": {"angle": -22.5, "axis": "x", "origin": [7.5, 7.6875, 10.9375]},
			"faces": {
				"north": {"uv": [7.5, 7.5, 8.5, 8.5], "texture": "#pins"},
				"east": {"uv": [3.5, 7.5, 4, 8.5], "texture": "#pins"},
				"south": {"uv": [7.5, 7.5, 8.5, 8.5], "texture": "#pins"},
				"west": {"uv": [12, 7.5, 12.5, 8.5], "texture": "#pins"},
				"up": {"uv": [7.5, 12, 8.5, 12.5], "texture": "#pins"},
				"down": {"uv": [8.5, 12.5, 7.5, 12], "texture": "#pins"}
			}
		},
		{
			"from": [7.75, 4.5, 6.0625],
			"to": [8.25, 5.5, 6.5625],
			"rotation": {"angle": -22.5, "axis": "x", "origin": [7.75, 5.5, 6.0625]},
			"faces": {
				"north": {"uv": [7.5, 7.5, 8.5, 8.5], "texture": "#pins"},
				"east": {"uv": [3.5, 7.5, 4, 8.5], "texture": "#pins"},
				"south": {"uv": [7.5, 7.5, 8.5, 8.5], "texture": "#pins"},
				"west": {"uv": [12, 7.5, 12.5, 8.5], "texture": "#pins"},
				"down": {"uv": [8.5, 12.5, 7.5, 12], "texture": "#pins"}
			}
		},
		{
			"from": [7.625, 7.25, 12.1875],
			"to": [19.625, 7.75, 12.6875],
			"rotation": {"angle": 45, "axis": "y", "origin": [7.625, 7.25, 12.1875]},
			"faces": {
				"north": {"uv": [7, 8.25, 16, 8.75], "texture": "#string"},
				"east": {"uv": [13, 8.25, 13.5, 8.75], "texture": "#string"},
				"south": {"uv": [0, 8.25, 9, 8.75], "texture": "#string"},
				"west": {"uv": [2.5, 8.25, 3, 8.75], "texture": "#string"},
				"up": {"uv": [0, 2.5, 9, 3], "texture": "#string"},
				"down": {"uv": [16, 3, 7, 2.5], "texture": "#string"}
			}
		},
		{
			"from": [7.75, 7, -2],
			"to": [8.25, 7.5, 11.5],
			"faces": {
				"north": {"uv": [7.75, 8.5, 8.25, 9], "texture": "#bolt_shaft"},
				"east": {"uv": [4.5, 8.5, 16, 9], "texture": "#bolt_shaft"},
				"south": {"uv": [7.75, 8.5, 8.25, 9], "texture": "#bolt_shaft"},
				"west": {"uv": [0, 8.5, 11.5, 9], "texture": "#bolt_shaft"},
				"up": {"uv": [7.75, 0, 8.25, 11.5], "texture": "#bolt_shaft"},
				"down": {"uv": [8.25, 11.5, 7.75, 0], "texture": "#bolt_shaft"}
			}
		},
		{
			"from": [7.5, 7, -3],
			"to": [8.5, 7.5, -2],
			"faces": {
				"north": {"uv": [7.5, 8.5, 8.5, 9], "texture": "#pins"},
				"east": {"uv": [16, 8.5, 16, 9], "texture": "#pins"},
				"south": {"uv": [7.5, 8.5, 8.5, 9], "texture": "#pins"},
				"west": {"uv": [0, 8.5, 0, 9], "texture": "#pins"},
				"up": {"uv": [7.5, 0, 8.5, 0], "texture": "#pins"},
				"down": {"uv": [8.5, 0, 7.5, 0], "texture": "#pins"}
			}
		},
		{
			"from": [7.75, 7, -3.5],
			"to": [8.25, 7.5, -3],
			"faces": {
				"north": {"uv": [7.75, 8.5, 8.25, 9], "texture": "#pins"},
				"east": {"uv": [16, 8.5, 16, 9], "texture": "#pins"},
				"south": {"uv": [7.75, 8.5, 8.25, 9], "texture": "#pins"},
				"west": {"uv": [0, 8.5, 0, 9], "texture": "#pins"},
				"up": {"uv": [7.75, 0, 8.25, 0], "texture": "#pins"},
				"down": {"uv": [8.25, 0, 7.75, 0], "texture": "#pins"}
			}
		},
		{
			"from": [8, 7.5, 9],
			"to": [8.0625, 8.5, 11],
			"faces": {
				"east": {"uv": [5, 7.5, 7, 8.5], "texture": "#bolt_fletch"},
				"west": {"uv": [9, 7.5, 11, 8.5], "texture": "#bolt_fletch"}
			}
		},
		{
			"from": [8, 8, 11],
			"to": [8.0625, 8.5, 12],
			"faces": {
				"east": {"uv": [4, 7.5, 5, 8], "texture": "#bolt_fletch"},
				"west": {"uv": [11, 7.5, 12, 8], "texture": "#bolt_fletch"}
			}
		},
		{
			"from": [8, 7.5, 8],
			"to": [8.0625, 8, 9],
			"faces": {
				"east": {"uv": [7, 8, 8, 8.5], "texture": "#bolt_fletch"},
				"west": {"uv": [8, 8, 9, 8.5], "texture": "#bolt_fletch"}
			}
		}
	],
	"display": {
		"thirdperson": {
			"rotation": [ 90, 0, 180 ],
			"translation": [ 0, 1, -3 ],
			"scale": [ 1, 1, 1 ]
		},
		"ground": {
			"translation": [0, -12.5, 0],
			"scale": [3, 3, 3]
		},
		"fixed": {
			"rotation": [90, 0, 180],
			"translation": [0, 0, -4.4],
			"scale": [3, 3, 3]
		},
		"firstperson": {
			"rotation": [ 10, -40, 10 ],
			"translation": [ 5, 1.5, -2 ],
			"scale": [ 2.5, 2.5, 2.5 ]
		},
		"gui": {
			"rotation": [ 23, -180, 9 ],
			"translation": [ -1.1, -0.2, -2 ],
			"scale": [ 1.5, 1.5, 1.5 ]
		}
	}
}