{
	"credit": "For Mansor Network",
	"textures": {
		"texture": "item/gray7",
		"texture1": "item/brown1",
		"texture2": "item/reddot",
		"texture3": "item/black",
		"texture4": "item/gray3"
	},
	"elements": [
		{
			"name": "Box1",
			"from": [-2, 11, 5.5],
			"to": [5.5, 12, 6.5],
			"faces": {
				"north": {"uv": [10.5, 4, 16, 5], "texture": "#texture"},
				"east": {"uv": [9.5, 4, 10.5, 5], "texture": "#texture"},
				"south": {"uv": [0, 4, 5.5, 5], "texture": "#texture"},
				"west": {"uv": [5.5, 4, 6.5, 5], "texture": "#texture"},
				"up": {"uv": [0, 5.5, 5.5, 6.5], "texture": "#texture"},
				"down": {"uv": [0, 9.5, 5.5, 10.5], "texture": "#texture"}
			}
		},
		{
			"name": "Box2",
			"from": [-1, 11.75, 5.75],
			"to": [0, 12.25, 6.25],
			"faces": {
				"north": {"uv": [0, 3.75, 1, 4.25], "texture": "#texture"},
				"east": {"uv": [9.75, 3.75, 10.25, 4.25], "texture": "#texture"},
				"south": {"uv": [15, 3.75, 16, 4.25], "texture": "#texture"},
				"west": {"uv": [5.75, 3.75, 6.25, 4.25], "texture": "#texture"},
				"up": {"uv": [15, 5.75, 16, 6.25], "texture": "#texture"},
				"down": {"uv": [15, 9.75, 16, 10.25], "texture": "#texture"}
			}
		},
		{
			"name": "Box3",
			"from": [-0.875, 12.25, 5.75],
			"to": [-0.375, 12.75, 6.25],
			"rotation": {"angle": -45, "axis": "z", "origin": [-0.875, 12.25, 5.75]},
			"faces": {
				"north": {"uv": [0.5, 3, 1, 3.5], "texture": "#texture"},
				"east": {"uv": [1, 3, 2, 3.5], "texture": "#texture"},
				"south": {"uv": [15, 3, 15.5, 3.5], "texture": "#texture"},
				"west": {"uv": [14, 3, 15, 3.5], "texture": "#texture"},
				"up": {"uv": [15, 14, 15.5, 15], "texture": "#texture"},
				"down": {"uv": [15, 1, 15.5, 2], "texture": "#texture"}
			}
		},
		{
			"name": "Box4",
			"from": [5.49, 10.5, 5],
			"to": [5.99, 12, 7],
			"faces": {
				"north": {"uv": [10.01, 4, 10.51, 5.5], "texture": "#texture"},
				"east": {"uv": [9, 4, 11, 5.5], "texture": "#texture"},
				"south": {"uv": [5.49, 4, 5.99, 5.5], "texture": "#texture"},
				"west": {"uv": [5, 4, 7, 5.5], "texture": "#texture"},
				"up": {"uv": [5.49, 5, 5.99, 7], "texture": "#texture"},
				"down": {"uv": [5.49, 9, 5.99, 11], "texture": "#texture"}
			}
		},
		{
			"name": "Box5",
			"from": [5.5, 9.5, 6],
			"to": [6, 10.5, 7],
			"rotation": {"angle": 22.5, "axis": "x", "origin": [5.5, 10.5, 7]},
			"faces": {
				"north": {"uv": [6, 8, 5.5, 6.5], "texture": "#texture"},
				"east": {"uv": [14, 6.5, 15, 8], "rotation": 180, "texture": "#texture"},
				"south": {"uv": [10.5, 8, 10, 6.5], "texture": "#texture"},
				"west": {"uv": [1, 6.5, 2, 8], "rotation": 180, "texture": "#texture"},
				"up": {"uv": [5.5, 14, 6, 15], "texture": "#texture"},
				"down": {"uv": [5.5, 1, 6, 2], "texture": "#texture"}
			}
		},
		{
			"name": "Box5",
			"from": [5.5, 9.5, 5],
			"to": [6, 10.5, 6],
			"rotation": {"angle": -22.5, "axis": "x", "origin": [6, 10.5, 5]},
			"faces": {
				"north": {"uv": [10.5, 8, 10, 6.5], "texture": "#texture"},
				"east": {"uv": [1, 6.5, 2, 8], "rotation": 180, "texture": "#texture"},
				"south": {"uv": [6, 8, 5.5, 6.5], "texture": "#texture"},
				"west": {"uv": [14, 6.5, 15, 8], "rotation": 180, "texture": "#texture"},
				"up": {"uv": [5.5, 14, 6, 15], "rotation": 180, "texture": "#texture"},
				"down": {"uv": [5.5, 1, 6, 2], "rotation": 180, "texture": "#texture"}
			}
		},
		{
			"name": "Box7",
			"from": [5.51, 9.5, 5.25],
			"to": [6.01, 10, 6.75],
			"faces": {
				"north": {"uv": [9.99, 6, 10.49, 6.5], "texture": "#texture"},
				"east": {"uv": [9.25, 6, 10.75, 6.5], "texture": "#texture"},
				"south": {"uv": [5.51, 6, 6.01, 6.5], "texture": "#texture"},
				"west": {"uv": [5.25, 6, 6.75, 6.5], "texture": "#texture"},
				"up": {"uv": [5.51, 5.25, 6.01, 6.75], "texture": "#texture"},
				"down": {"uv": [5.51, 9.25, 6.01, 10.75], "texture": "#texture"}
			}
		},
		{
			"name": "Box8",
			"from": [5.5, 12, 5],
			"to": [9, 12.5, 6],
			"rotation": {"angle": 22.5, "axis": "x", "origin": [5.5, 12, 5]},
			"faces": {
				"north": {"uv": [10, 3.5, 10.5, 4], "texture": "#texture"},
				"east": {"uv": [10, 3.5, 11, 4], "texture": "#texture"},
				"south": {"uv": [5.5, 3.5, 6, 4], "texture": "#texture"},
				"west": {"uv": [5, 3.5, 6, 4], "texture": "#texture"},
				"up": {"uv": [5.5, 5, 6, 6], "texture": "#texture"},
				"down": {"uv": [5.5, 10, 6, 11], "texture": "#texture"}
			}
		},
		{
			"name": "Box8",
			"from": [5.5, 12, 6],
			"to": [9, 12.5, 7],
			"rotation": {"angle": -22.5, "axis": "x", "origin": [9, 12, 7]},
			"faces": {
				"north": {"uv": [5.5, 3.5, 6, 4], "texture": "#texture"},
				"east": {"uv": [5, 3.5, 6, 4], "texture": "#texture"},
				"south": {"uv": [10, 3.5, 10.5, 4], "texture": "#texture"},
				"west": {"uv": [10, 3.5, 11, 4], "texture": "#texture"},
				"up": {"uv": [5.5, 5, 6, 6], "rotation": 180, "texture": "#texture"},
				"down": {"uv": [5.5, 10, 6, 11], "rotation": 180, "texture": "#texture"}
			}
		},
		{
			"name": "Box10",
			"from": [5.5, 12, 5.25],
			"to": [6, 12.5, 6.75],
			"faces": {
				"north": {"uv": [10, 3.5, 10.5, 4], "texture": "#texture"},
				"east": {"uv": [9.25, 3.5, 10.75, 4], "texture": "#texture"},
				"south": {"uv": [5.5, 3.5, 6, 4], "texture": "#texture"},
				"west": {"uv": [5.25, 3.5, 6.75, 4], "texture": "#texture"},
				"up": {"uv": [5.5, 5.25, 6, 6.75], "texture": "#texture"},
				"down": {"uv": [5.5, 9.25, 6, 10.75], "texture": "#texture"}
			}
		},
		{
			"name": "Box11",
			"from": [1.5, 10.625, 5.75],
			"to": [5.5, 11.125, 6.25],
			"faces": {
				"north": {"uv": [10.5, 4.875, 14.5, 5.375], "texture": "#texture"},
				"east": {"uv": [9.75, 4.875, 10.25, 5.375], "texture": "#texture"},
				"south": {"uv": [1.5, 4.875, 5.5, 5.375], "texture": "#texture"},
				"west": {"uv": [5.75, 4.875, 6.25, 5.375], "texture": "#texture"},
				"up": {"uv": [1.5, 5.75, 5.5, 6.25], "texture": "#texture"},
				"down": {"uv": [1.5, 9.75, 5.5, 10.25], "texture": "#texture"}
			}
		},
		{
			"name": "Box12",
			"from": [5.5, 9.5, 5.55],
			"to": [6, 11.3, 6.45],
			"rotation": {"angle": 22.5, "axis": "z", "origin": [5.5, 9.5, 5.55]},
			"faces": {
				"north": {"uv": [10.5, 5, 11, 6.5], "texture": "#texture"},
				"east": {"uv": [1, 5, 2, 6.5], "texture": "#texture"},
				"south": {"uv": [5, 5, 5.5, 6.5], "texture": "#texture"},
				"west": {"uv": [14, 5, 15, 6.5], "texture": "#texture"},
				"up": {"uv": [5, 14, 5.5, 15], "texture": "#texture"},
				"down": {"uv": [5, 1, 5.5, 2], "texture": "#texture"}
			}
		},
		{
			"name": "Box13",
			"from": [5.5, 9.5, 5.3],
			"to": [6.5, 10, 6.65],
			"rotation": {"angle": -22.5, "axis": "z", "origin": [5.5, 9.5, 5.3]},
			"faces": {
				"north": {"uv": [9.5, 6, 10.5, 6.5], "texture": "#texture4"},
				"east": {"uv": [1, 6, 2, 6.5], "texture": "#texture4"},
				"south": {"uv": [5.5, 6, 6.5, 6.5], "texture": "#texture4"},
				"west": {"uv": [14, 6, 15, 6.5], "texture": "#texture4"},
				"up": {"uv": [5.5, 14, 6.5, 15], "texture": "#texture4"},
				"down": {"uv": [5.5, 1, 6.5, 2], "texture": "#texture4"}
			}
		},
		{
			"name": "Box14",
			"from": [6, 9.25, 5.25],
			"to": [7, 9.75, 6.75],
			"faces": {
				"north": {"uv": [9, 6.25, 10, 6.75], "texture": "#texture4"},
				"east": {"uv": [9.25, 6.25, 10.75, 6.75], "texture": "#texture4"},
				"south": {"uv": [6, 6.25, 7, 6.75], "texture": "#texture4"},
				"west": {"uv": [5.25, 6.25, 6.75, 6.75], "texture": "#texture4"},
				"up": {"uv": [6, 5.25, 7, 6.75], "texture": "#texture4"},
				"down": {"uv": [6, 9.25, 7, 10.75], "texture": "#texture4"}
			}
		},
		{
			"name": "Box15",
			"from": [6.375, 9.125, 5.25],
			"to": [6.99032, 9.625, 6.75],
			"faces": {
				"north": {"uv": [9.00968, 6.375, 9.625, 6.875], "texture": "#texture4"},
				"east": {"uv": [9.25, 6.375, 10.75, 6.875], "texture": "#texture4"},
				"south": {"uv": [6.375, 6.375, 6.99032, 6.875], "texture": "#texture4"},
				"west": {"uv": [5.25, 6.375, 6.75, 6.875], "texture": "#texture4"},
				"up": {"uv": [6.375, 5.25, 6.99032, 6.75], "texture": "#texture4"},
				"down": {"uv": [6.375, 9.25, 6.99032, 10.75], "texture": "#texture4"}
			}
		},
		{
			"name": "Box16",
			"from": [7, 8.75, 5.5],
			"to": [8.5, 9.75, 6.5],
			"faces": {
				"north": {"uv": [8, 7, 7, 6], "texture": "#texture4"},
				"east": {"uv": [1, 6, 2, 7], "rotation": 180, "texture": "#texture4"},
				"south": {"uv": [9, 7, 8, 6], "texture": "#texture4"},
				"west": {"uv": [14, 6, 15, 7], "rotation": 180, "texture": "#texture4"},
				"up": {"uv": [7, 1, 8, 2], "texture": "#texture4"},
				"down": {"uv": [7, 14, 8, 15], "texture": "#texture4"}
			}
		},
		{
			"name": "Box17",
			"from": [8.5, 9.25, 5.5],
			"to": [10, 9.75, 6.5],
			"faces": {
				"north": {"uv": [6, 6.25, 7.5, 6.75], "texture": "#texture4"},
				"east": {"uv": [9.5, 6.25, 10.5, 6.75], "texture": "#texture4"},
				"south": {"uv": [8.5, 6.25, 10, 6.75], "texture": "#texture4"},
				"west": {"uv": [5.5, 6.25, 6.5, 6.75], "texture": "#texture4"},
				"up": {"uv": [8.5, 5.5, 10, 6.5], "texture": "#texture4"},
				"down": {"uv": [8.5, 9.5, 10, 10.5], "texture": "#texture4"}
			}
		},
		{
			"name": "Box18",
			"from": [6, 9.25, 6.25],
			"to": [8.5, 9.75, 6.75],
			"faces": {
				"north": {"uv": [7.5, 6.25, 10, 6.75], "texture": "#texture4"},
				"east": {"uv": [9.25, 6.25, 9.75, 6.75], "texture": "#texture4"},
				"south": {"uv": [6, 6.25, 8.5, 6.75], "texture": "#texture4"},
				"west": {"uv": [6.25, 6.25, 6.75, 6.75], "texture": "#texture4"},
				"up": {"uv": [6, 6.25, 8.5, 6.75], "texture": "#texture4"},
				"down": {"uv": [6, 9.25, 8.5, 9.75], "texture": "#texture4"}
			}
		},
		{
			"name": "Box18",
			"from": [6, 9.25, 5.25],
			"to": [8.5, 9.75, 5.75],
			"faces": {
				"north": {"uv": [7.5, 6.25, 10, 6.75], "texture": "#texture4"},
				"east": {"uv": [10.25, 6.25, 10.75, 6.75], "texture": "#texture4"},
				"south": {"uv": [6, 6.25, 8.5, 6.75], "texture": "#texture4"},
				"west": {"uv": [5.25, 6.25, 5.75, 6.75], "texture": "#texture4"},
				"up": {"uv": [6, 5.25, 8.5, 5.75], "texture": "#texture4"},
				"down": {"uv": [6, 10.25, 8.5, 10.75], "texture": "#texture4"}
			}
		},
		{
			"name": "Box20",
			"from": [8.5, 9.125, 5.5],
			"to": [9.5, 9.625, 6.5],
			"rotation": {"angle": -22.5, "axis": "z", "origin": [8.5, 9.625, 6.5]},
			"faces": {
				"north": {"uv": [10, 7, 8.5, 6.5], "texture": "#texture4"},
				"east": {"uv": [1, 6.5, 2, 7], "rotation": 180, "texture": "#texture4"},
				"south": {"uv": [7.5, 7, 6, 6.5], "texture": "#texture4"},
				"west": {"uv": [14, 6.5, 15, 7], "rotation": 180, "texture": "#texture4"},
				"up": {"uv": [8.5, 1, 10, 2], "texture": "#texture4"},
				"down": {"uv": [8.5, 14, 10, 15], "texture": "#texture4"}
			}
		},
		{
			"name": "Box21",
			"from": [6, 12, 5.25],
			"to": [9, 12.5, 6.75],
			"faces": {
				"north": {"uv": [7, 3.5, 10, 4], "texture": "#texture"},
				"east": {"uv": [9.25, 3.5, 10.75, 4], "texture": "#texture"},
				"south": {"uv": [6, 3.5, 9, 4], "texture": "#texture"},
				"west": {"uv": [5.25, 3.5, 6.75, 4], "texture": "#texture"},
				"up": {"uv": [6, 5.25, 9, 6.75], "texture": "#texture"},
				"down": {"uv": [6, 9.25, 9, 10.75], "texture": "#texture"}
			}
		},
		{
			"name": "Box22",
			"from": [9, 8.75, 5.5],
			"to": [10, 9.25, 6.5],
			"faces": {
				"north": {"uv": [6, 6.75, 7, 7.25], "texture": "#texture4"},
				"east": {"uv": [9.5, 6.75, 10.5, 7.25], "texture": "#texture4"},
				"south": {"uv": [9, 6.75, 10, 7.25], "texture": "#texture4"},
				"west": {"uv": [5.5, 6.75, 6.5, 7.25], "texture": "#texture4"},
				"up": {"uv": [9, 5.5, 10, 6.5], "texture": "#texture4"},
				"down": {"uv": [9, 9.5, 10, 10.5], "texture": "#texture4"}
			}
		},
		{
			"name": "Box23",
			"from": [6, 11.5, 5],
			"to": [9, 12, 7],
			"faces": {
				"north": {"uv": [7, 4, 10, 4.5], "texture": "#texture"},
				"east": {"uv": [9, 4, 11, 4.5], "texture": "#texture"},
				"south": {"uv": [6, 4, 9, 4.5], "texture": "#texture"},
				"west": {"uv": [5, 4, 7, 4.5], "texture": "#texture"},
				"up": {"uv": [6, 5, 9, 7], "texture": "#texture"},
				"down": {"uv": [6, 9, 9, 11], "texture": "#texture"}
			}
		},
		{
			"name": "Box24",
			"from": [9.5, 9.5, 5.5],
			"to": [10, 12, 6.5],
			"faces": {
				"north": {"uv": [6, 4, 6.5, 6.5], "texture": "#texture4"},
				"east": {"uv": [9.5, 4, 10.5, 6.5], "texture": "#texture4"},
				"south": {"uv": [9.5, 4, 10, 6.5], "texture": "#texture4"},
				"west": {"uv": [5.5, 4, 6.5, 6.5], "texture": "#texture4"},
				"up": {"uv": [9.5, 5.5, 10, 6.5], "texture": "#texture4"},
				"down": {"uv": [9.5, 9.5, 10, 10.5], "texture": "#texture4"}
			}
		},
		{
			"name": "Box26",
			"from": [9, 12, 5.5],
			"to": [9.5, 12.5, 6.5],
			"faces": {
				"north": {"uv": [6.5, 3.5, 7, 4], "texture": "#texture"},
				"east": {"uv": [9.5, 3.5, 10.5, 4], "texture": "#texture"},
				"south": {"uv": [9, 3.5, 9.5, 4], "texture": "#texture"},
				"west": {"uv": [5.5, 3.5, 6.5, 4], "texture": "#texture"},
				"up": {"uv": [9, 5.5, 9.5, 6.5], "texture": "#texture"},
				"down": {"uv": [9, 9.5, 9.5, 10.5], "texture": "#texture"}
			}
		},
		{
			"name": "Box27",
			"from": [9, 11, 5],
			"to": [9.5, 12, 6.5],
			"faces": {
				"north": {"uv": [6.5, 4, 7, 5], "texture": "#texture"},
				"east": {"uv": [9.5, 4, 11, 5], "texture": "#texture"},
				"south": {"uv": [9, 4, 9.5, 5], "texture": "#texture"},
				"west": {"uv": [5, 4, 6.5, 5], "texture": "#texture"},
				"up": {"uv": [9, 5, 9.5, 6.5], "texture": "#texture"},
				"down": {"uv": [9, 9.5, 9.5, 11], "texture": "#texture"}
			}
		},
		{
			"name": "Box29",
			"from": [6.25, 11.375, 5],
			"to": [8.75, 11.875, 7],
			"faces": {
				"north": {"uv": [7.25, 4.125, 9.75, 4.625], "texture": "#texture"},
				"east": {"uv": [9, 4.125, 11, 4.625], "texture": "#texture"},
				"south": {"uv": [6.25, 4.125, 8.75, 4.625], "texture": "#texture"},
				"west": {"uv": [5, 4.125, 7, 4.625], "texture": "#texture"},
				"up": {"uv": [6.25, 5, 8.75, 7], "texture": "#texture"},
				"down": {"uv": [6.25, 9, 8.75, 11], "texture": "#texture"}
			}
		},
		{
			"name": "Box27",
			"from": [9, 9.375, 5],
			"to": [9.5, 9.875, 6.5],
			"faces": {
				"north": {"uv": [6.5, 6.125, 7, 6.625], "texture": "#texture4"},
				"east": {"uv": [9.5, 6.125, 11, 6.625], "texture": "#texture4"},
				"south": {"uv": [9, 6.125, 9.5, 6.625], "texture": "#texture4"},
				"west": {"uv": [5, 6.125, 6.5, 6.625], "texture": "#texture4"},
				"up": {"uv": [9, 5, 9.5, 6.5], "texture": "#texture4"},
				"down": {"uv": [9, 9.5, 9.5, 11], "texture": "#texture4"}
			}
		},
		{
			"name": "Box31",
			"from": [6, 11.25, 5.5],
			"to": [9, 11.75, 6.5],
			"faces": {
				"north": {"uv": [7, 4.25, 10, 4.75], "texture": "#texture"},
				"east": {"uv": [9.5, 4.25, 10.5, 4.75], "texture": "#texture"},
				"south": {"uv": [6, 4.25, 9, 4.75], "texture": "#texture"},
				"west": {"uv": [5.5, 4.25, 6.5, 4.75], "texture": "#texture"},
				"up": {"uv": [6, 5.5, 9, 6.5], "texture": "#texture"},
				"down": {"uv": [6, 9.5, 9, 10.5], "texture": "#texture"}
			}
		},
		{
			"name": "Box32",
			"from": [6.25, 9.75, 5.25],
			"to": [9.25, 11.25, 6.75],
			"faces": {
				"north": {"uv": [6.75, 4.75, 9.75, 6.25], "texture": "#texture"},
				"east": {"uv": [9.25, 4.75, 10.75, 6.25], "texture": "#texture"},
				"south": {"uv": [6.25, 4.75, 9.25, 6.25], "texture": "#texture"},
				"west": {"uv": [5.25, 4.75, 6.75, 6.25], "texture": "#texture"},
				"up": {"uv": [6.25, 5.25, 9.25, 6.75], "texture": "#texture"},
				"down": {"uv": [6.25, 9.25, 9.25, 10.75], "texture": "#texture"}
			}
		},
		{
			"name": "Box33",
			"from": [6.25, 10, 6.5],
			"to": [9.25, 11, 7],
			"faces": {
				"north": {"uv": [6.75, 5, 9.75, 6], "texture": "#texture"},
				"east": {"uv": [9, 5, 9.5, 6], "texture": "#texture"},
				"south": {"uv": [6.25, 5, 9.25, 6], "texture": "#texture"},
				"west": {"uv": [6.5, 5, 7, 6], "texture": "#texture"},
				"up": {"uv": [6.25, 6.5, 9.25, 7], "texture": "#texture"},
				"down": {"uv": [6.25, 9, 9.25, 9.5], "texture": "#texture"}
			}
		},
		{
			"name": "Box33",
			"from": [6.25, 10, 5],
			"to": [9.25, 11, 5.5],
			"faces": {
				"north": {"uv": [6.75, 5, 9.75, 6], "texture": "#texture"},
				"east": {"uv": [10.5, 5, 11, 6], "texture": "#texture"},
				"south": {"uv": [6.25, 5, 9.25, 6], "texture": "#texture"},
				"west": {"uv": [5, 5, 5.5, 6], "texture": "#texture"},
				"up": {"uv": [6.25, 5, 9.25, 5.5], "texture": "#texture"},
				"down": {"uv": [6.25, 10.5, 9.25, 11], "texture": "#texture"}
			}
		},
		{
			"name": "Box33",
			"from": [6.25, 9.25, 5.5],
			"to": [9.25, 9.75, 6.5],
			"faces": {
				"north": {"uv": [6.75, 6.25, 9.75, 6.75], "texture": "#texture4"},
				"east": {"uv": [9.5, 6.25, 10.5, 6.75], "texture": "#texture4"},
				"south": {"uv": [6.25, 6.25, 9.25, 6.75], "texture": "#texture4"},
				"west": {"uv": [5.5, 6.25, 6.5, 6.75], "texture": "#texture4"},
				"up": {"uv": [6.25, 5.5, 9.25, 6.5], "texture": "#texture4"},
				"down": {"uv": [6.25, 9.5, 9.25, 10.5], "texture": "#texture4"}
			}
		},
		{
			"name": "Box33",
			"from": [6.25, 11, 5.5],
			"to": [9.25, 11.5, 6.5],
			"faces": {
				"north": {"uv": [6.75, 4.5, 9.75, 5], "texture": "#texture"},
				"east": {"uv": [9.5, 4.5, 10.5, 5], "texture": "#texture"},
				"south": {"uv": [6.25, 4.5, 9.25, 5], "texture": "#texture"},
				"west": {"uv": [5.5, 4.5, 6.5, 5], "texture": "#texture"},
				"up": {"uv": [6.25, 5.5, 9.25, 6.5], "texture": "#texture"},
				"down": {"uv": [6.25, 9.5, 9.25, 10.5], "texture": "#texture"}
			}
		},
		{
			"name": "BulletChamber",
			"from": [9.25, 10.375, 5.25],
			"to": [9.251, 10.625, 5.5],
			"faces": {
				"north": {"uv": [6.749, 5.375, 6.75, 5.625], "texture": "#texture2"},
				"east": {"uv": [10.5, 5.375, 10.75, 5.625], "texture": "#texture2"},
				"south": {"uv": [9.25, 5.375, 9.251, 5.625], "texture": "#texture2"},
				"west": {"uv": [5.25, 5.375, 5.5, 5.625], "texture": "#texture2"},
				"up": {"uv": [9.25, 5.25, 9.251, 5.5], "texture": "#texture2"},
				"down": {"uv": [9.25, 10.5, 9.251, 10.75], "texture": "#texture2"}
			}
		},
		{
			"name": "BulletChamber1",
			"from": [9.25, 10, 6.25],
			"to": [9.251, 10.25, 6.5],
			"faces": {
				"north": {"uv": [6.749, 5.75, 6.75, 6], "texture": "#texture2"},
				"east": {"uv": [9.5, 5.75, 9.75, 6], "texture": "#texture2"},
				"south": {"uv": [9.25, 5.75, 9.251, 6], "texture": "#texture2"},
				"west": {"uv": [6.25, 5.75, 6.5, 6], "texture": "#texture2"},
				"up": {"uv": [9.25, 6.25, 9.251, 6.5], "texture": "#texture2"},
				"down": {"uv": [9.25, 9.5, 9.251, 9.75], "texture": "#texture2"}
			}
		},
		{
			"name": "BulletChamber2",
			"from": [9.25, 9.75, 5.875],
			"to": [9.251, 10, 6.125],
			"faces": {
				"north": {"uv": [6.749, 6, 6.75, 6.25], "texture": "#texture2"},
				"east": {"uv": [9.875, 6, 10.125, 6.25], "texture": "#texture2"},
				"south": {"uv": [9.25, 6, 9.251, 6.25], "texture": "#texture2"},
				"west": {"uv": [5.875, 6, 6.125, 6.25], "texture": "#texture2"},
				"up": {"uv": [9.25, 5.875, 9.251, 6.125], "texture": "#texture2"},
				"down": {"uv": [9.25, 9.875, 9.251, 10.125], "texture": "#texture2"}
			}
		},
		{
			"name": "BulletChamber3",
			"from": [9.25, 10, 5.5],
			"to": [9.251, 10.25, 5.75],
			"faces": {
				"north": {"uv": [6.749, 5.75, 6.75, 6], "texture": "#texture2"},
				"east": {"uv": [10.25, 5.75, 10.5, 6], "texture": "#texture2"},
				"south": {"uv": [9.25, 5.75, 9.251, 6], "texture": "#texture2"},
				"west": {"uv": [5.5, 5.75, 5.75, 6], "texture": "#texture2"},
				"up": {"uv": [9.25, 5.5, 9.251, 5.75], "texture": "#texture2"},
				"down": {"uv": [9.25, 10.25, 9.251, 10.5], "texture": "#texture2"}
			}
		},
		{
			"name": "BulletChamber4",
			"from": [9.25, 11, 5.875],
			"to": [9.251, 11.25, 6.125],
			"faces": {
				"north": {"uv": [6.749, 4.75, 6.75, 5], "texture": "#texture2"},
				"east": {"uv": [9.875, 4.75, 10.125, 5], "texture": "#texture2"},
				"south": {"uv": [9.25, 4.75, 9.251, 5], "texture": "#texture2"},
				"west": {"uv": [5.875, 4.75, 6.125, 5], "texture": "#texture2"},
				"up": {"uv": [9.25, 5.875, 9.251, 6.125], "texture": "#texture2"},
				"down": {"uv": [9.25, 9.875, 9.251, 10.125], "texture": "#texture2"}
			}
		},
		{
			"name": "BulletChamber5",
			"from": [9.25, 10.75, 5.5],
			"to": [9.251, 11, 5.75],
			"faces": {
				"north": {"uv": [6.749, 5, 6.75, 5.25], "texture": "#texture2"},
				"east": {"uv": [10.25, 5, 10.5, 5.25], "texture": "#texture2"},
				"south": {"uv": [9.25, 5, 9.251, 5.25], "texture": "#texture2"},
				"west": {"uv": [5.5, 5, 5.75, 5.25], "texture": "#texture2"},
				"up": {"uv": [9.25, 5.5, 9.251, 5.75], "texture": "#texture2"},
				"down": {"uv": [9.25, 10.25, 9.251, 10.5], "texture": "#texture2"}
			}
		},
		{
			"name": "BulletChamber6",
			"from": [9.25, 10.75, 6.25],
			"to": [9.251, 11, 6.5],
			"faces": {
				"north": {"uv": [6.749, 5, 6.75, 5.25], "texture": "#texture2"},
				"east": {"uv": [9.5, 5, 9.75, 5.25], "texture": "#texture2"},
				"south": {"uv": [9.25, 5, 9.251, 5.25], "texture": "#texture2"},
				"west": {"uv": [6.25, 5, 6.5, 5.25], "texture": "#texture2"},
				"up": {"uv": [9.25, 6.25, 9.251, 6.5], "texture": "#texture2"},
				"down": {"uv": [9.25, 9.5, 9.251, 9.75], "texture": "#texture2"}
			}
		},
		{
			"name": "BulletChamber7",
			"from": [9.25, 10.375, 6.5],
			"to": [9.251, 10.625, 6.75],
			"faces": {
				"north": {"uv": [6.749, 5.375, 6.75, 5.625], "texture": "#texture2"},
				"east": {"uv": [9.25, 5.375, 9.5, 5.625], "texture": "#texture2"},
				"south": {"uv": [9.25, 5.375, 9.251, 5.625], "texture": "#texture2"},
				"west": {"uv": [6.5, 5.375, 6.75, 5.625], "texture": "#texture2"},
				"up": {"uv": [9.25, 6.5, 9.251, 6.75], "texture": "#texture2"},
				"down": {"uv": [9.25, 9.25, 9.251, 9.5], "texture": "#texture2"}
			}
		},
		{
			"name": "BulletChamber8",
			"from": [6.249, 10.375, 6.5],
			"to": [6.25, 10.625, 6.75],
			"faces": {
				"north": {"uv": [12, 6.125, 12.001, 6.375], "texture": "#texture2"},
				"east": {"uv": [11, 6.125, 11.25, 6.375], "texture": "#texture2"},
				"south": {"uv": [3.999, 6.125, 4, 6.375], "texture": "#texture2"},
				"west": {"uv": [4.75, 6.125, 5, 6.375], "texture": "#texture2"},
				"up": {"uv": [12, 11, 12.001, 11.25], "rotation": 180, "texture": "#texture2"},
				"down": {"uv": [12, 4.75, 12.001, 5], "rotation": 180, "texture": "#texture2"}
			}
		},
		{
			"name": "BulletChamber9",
			"from": [6.249, 10, 5.5],
			"to": [6.25, 10.25, 5.75],
			"faces": {
				"north": {"uv": [15, 6.5, 15.001, 6.75], "texture": "#texture2"},
				"east": {"uv": [12, 6.5, 12.25, 6.75], "texture": "#texture2"},
				"south": {"uv": [0.999, 6.5, 1, 6.75], "texture": "#texture2"},
				"west": {"uv": [3.75, 6.5, 4, 6.75], "texture": "#texture2"},
				"up": {"uv": [15, 12, 15.001, 12.25], "rotation": 180, "texture": "#texture2"},
				"down": {"uv": [15, 3.75, 15.001, 4], "rotation": 180, "texture": "#texture2"}
			}
		},
		{
			"name": "BulletChamber10",
			"from": [6.249, 9.75, 5.875],
			"to": [6.25, 10, 6.125],
			"faces": {
				"north": {"uv": [15, 6.75, 15.001, 7], "texture": "#texture2"},
				"east": {"uv": [11.625, 6.75, 11.875, 7], "texture": "#texture2"},
				"south": {"uv": [0.999, 6.75, 1, 7], "texture": "#texture2"},
				"west": {"uv": [4.125, 6.75, 4.375, 7], "texture": "#texture2"},
				"up": {"uv": [15, 11.625, 15.001, 11.875], "rotation": 180, "texture": "#texture2"},
				"down": {"uv": [15, 4.125, 15.001, 4.375], "rotation": 180, "texture": "#texture2"}
			}
		},
		{
			"name": "BulletChamber11",
			"from": [6.249, 10, 6.25],
			"to": [6.25, 10.25, 6.5],
			"faces": {
				"north": {"uv": [15, 6.5, 15.001, 6.75], "texture": "#texture2"},
				"east": {"uv": [11.25, 6.5, 11.5, 6.75], "texture": "#texture2"},
				"south": {"uv": [0.999, 6.5, 1, 6.75], "texture": "#texture2"},
				"west": {"uv": [4.5, 6.5, 4.75, 6.75], "texture": "#texture2"},
				"up": {"uv": [15, 11.25, 15.001, 11.5], "rotation": 180, "texture": "#texture2"},
				"down": {"uv": [15, 4.5, 15.001, 4.75], "rotation": 180, "texture": "#texture2"}
			}
		},
		{
			"name": "BulletChamber12",
			"from": [6.249, 11, 5.875],
			"to": [6.25, 11.25, 6.125],
			"faces": {
				"north": {"uv": [15, 5.5, 15.001, 5.75], "texture": "#texture2"},
				"east": {"uv": [11.625, 5.5, 11.875, 5.75], "texture": "#texture2"},
				"south": {"uv": [0.999, 5.5, 1, 5.75], "texture": "#texture2"},
				"west": {"uv": [4.125, 5.5, 4.375, 5.75], "texture": "#texture2"},
				"up": {"uv": [15, 11.625, 15.001, 11.875], "rotation": 180, "texture": "#texture2"},
				"down": {"uv": [15, 4.125, 15.001, 4.375], "rotation": 180, "texture": "#texture2"}
			}
		},
		{
			"name": "BulletChamber13",
			"from": [6.249, 10.75, 6.25],
			"to": [6.25, 11, 6.5],
			"faces": {
				"north": {"uv": [15, 5.75, 15.001, 6], "texture": "#texture2"},
				"east": {"uv": [11.25, 5.75, 11.5, 6], "texture": "#texture2"},
				"south": {"uv": [0.999, 5.75, 1, 6], "texture": "#texture2"},
				"west": {"uv": [4.5, 5.75, 4.75, 6], "texture": "#texture2"},
				"up": {"uv": [15, 11.25, 15.001, 11.5], "rotation": 180, "texture": "#texture2"},
				"down": {"uv": [15, 4.5, 15.001, 4.75], "rotation": 180, "texture": "#texture2"}
			}
		},
		{
			"name": "BulletChamber14",
			"from": [6.249, 10.75, 5.5],
			"to": [6.25, 11, 5.75],
			"faces": {
				"north": {"uv": [15, 5.75, 15.001, 6], "texture": "#texture2"},
				"east": {"uv": [12, 5.75, 12.25, 6], "texture": "#texture2"},
				"south": {"uv": [0.999, 5.75, 1, 6], "texture": "#texture2"},
				"west": {"uv": [3.75, 5.75, 4, 6], "texture": "#texture2"},
				"up": {"uv": [15, 12, 15.001, 12.25], "rotation": 180, "texture": "#texture2"},
				"down": {"uv": [15, 3.75, 15.001, 4], "rotation": 180, "texture": "#texture2"}
			}
		},
		{
			"name": "BulletChamber15",
			"from": [6.249, 10.375, 5.25],
			"to": [6.25, 10.625, 5.5],
			"faces": {
				"north": {"uv": [15, 6.125, 15.001, 6.375], "texture": "#texture2"},
				"east": {"uv": [12.25, 6.125, 12.5, 6.375], "texture": "#texture2"},
				"south": {"uv": [0.999, 6.125, 1, 6.375], "texture": "#texture2"},
				"west": {"uv": [3.5, 6.125, 3.75, 6.375], "texture": "#texture2"},
				"up": {"uv": [15, 12.25, 15.001, 12.5], "rotation": 180, "texture": "#texture2"},
				"down": {"uv": [15, 3.5, 15.001, 3.75], "rotation": 180, "texture": "#texture2"}
			}
		},
		{
			"name": "Box59",
			"from": [6, 10.25, 5.75],
			"to": [9.5, 10.75, 6.25],
			"faces": {
				"north": {"uv": [6.5, 5.25, 10, 5.75], "texture": "#texture3"},
				"east": {"uv": [9.75, 5.25, 10.25, 5.75], "texture": "#texture3"},
				"south": {"uv": [6, 5.25, 9.5, 5.75], "texture": "#texture3"},
				"west": {"uv": [5.75, 5.25, 6.25, 5.75], "texture": "#texture3"},
				"up": {"uv": [6, 5.75, 9.5, 6.25], "texture": "#texture3"},
				"down": {"uv": [6, 9.75, 9.5, 10.25], "texture": "#texture3"}
			}
		},
		{
			"name": "Box60",
			"from": [9, 11.5, 5],
			"to": [9.5, 12, 7],
			"faces": {
				"north": {"uv": [6.5, 4, 7, 4.5], "texture": "#texture"},
				"east": {"uv": [9, 4, 11, 4.5], "texture": "#texture"},
				"south": {"uv": [9, 4, 9.5, 4.5], "texture": "#texture"},
				"west": {"uv": [5, 4, 7, 4.5], "texture": "#texture"},
				"up": {"uv": [9, 5, 9.5, 7], "texture": "#texture"},
				"down": {"uv": [9, 9, 9.5, 11], "texture": "#texture"}
			}
		},
		{
			"name": "Box61",
			"from": [9, 12, 6.5],
			"to": [9.5, 12.5, 7],
			"rotation": {"angle": 22.5, "axis": "z", "origin": [9.5, 12, 7]},
			"faces": {
				"north": {"uv": [14, 3.5, 14.5, 4], "texture": "#texture"},
				"east": {"uv": [5, 3.5, 5.5, 4], "texture": "#texture"},
				"south": {"uv": [1.5, 3.5, 2, 4], "texture": "#texture"},
				"west": {"uv": [10.5, 3.5, 11, 4], "texture": "#texture"},
				"up": {"uv": [14, 5, 14.5, 5.5], "rotation": 180, "texture": "#texture"},
				"down": {"uv": [14, 10.5, 14.5, 11], "rotation": 180, "texture": "#texture"}
			}
		},
		{
			"name": "Box61",
			"from": [9, 12, 5],
			"to": [9.5, 12.5, 5.5],
			"rotation": {"angle": 22.5, "axis": "z", "origin": [9.5, 12, 5.5]},
			"faces": {
				"north": {"uv": [14, 3.5, 14.5, 4], "texture": "#texture"},
				"east": {"uv": [5, 3.5, 5.5, 4], "texture": "#texture"},
				"south": {"uv": [1.5, 3.5, 2, 4], "texture": "#texture"},
				"west": {"uv": [10.5, 3.5, 11, 4], "texture": "#texture"},
				"up": {"uv": [14, 5, 14.5, 5.5], "rotation": 180, "texture": "#texture"},
				"down": {"uv": [14, 10.5, 14.5, 11], "rotation": 180, "texture": "#texture"}
			}
		},
		{
			"name": "Box55",
			"from": [8.875, 12.25, 6.5],
			"to": [9.375, 12.5, 7],
			"faces": {
				"north": {"uv": [6.625, 3.5, 7.125, 3.75], "texture": "#texture"},
				"east": {"uv": [9, 3.5, 9.5, 3.75], "texture": "#texture"},
				"south": {"uv": [8.875, 3.5, 9.375, 3.75], "texture": "#texture"},
				"west": {"uv": [6.5, 3.5, 7, 3.75], "texture": "#texture"},
				"up": {"uv": [8.875, 6.5, 9.375, 7], "texture": "#texture"},
				"down": {"uv": [8.875, 9, 9.375, 9.5], "texture": "#texture"}
			}
		},
		{
			"name": "Box55",
			"from": [8.875, 12.25, 5],
			"to": [9.375, 12.5, 5.5],
			"faces": {
				"north": {"uv": [6.625, 3.5, 7.125, 3.75], "texture": "#texture"},
				"east": {"uv": [10.5, 3.5, 11, 3.75], "texture": "#texture"},
				"south": {"uv": [8.875, 3.5, 9.375, 3.75], "texture": "#texture"},
				"west": {"uv": [5, 3.5, 5.5, 3.75], "texture": "#texture"},
				"up": {"uv": [8.875, 5, 9.375, 5.5], "texture": "#texture"},
				"down": {"uv": [8.875, 10.5, 9.375, 11], "texture": "#texture"}
			}
		},
		{
			"name": "Box57",
			"from": [9, 12, 5],
			"to": [9.5, 12.5, 7],
			"faces": {
				"north": {"uv": [6.5, 3.5, 7, 4], "texture": "#texture"},
				"east": {"uv": [9, 3.5, 11, 4], "texture": "#texture"},
				"south": {"uv": [9, 3.5, 9.5, 4], "texture": "#texture"},
				"west": {"uv": [5, 3.5, 7, 4], "texture": "#texture"},
				"up": {"uv": [9, 5, 9.5, 7], "texture": "#texture"},
				"down": {"uv": [9, 9, 9.5, 11], "texture": "#texture"}
			}
		},
		{
			"name": "Box58",
			"from": [9.5, 11.5, 5],
			"to": [10, 12.5, 7],
			"faces": {
				"north": {"uv": [6, 3.5, 6.5, 4.5], "texture": "#texture"},
				"east": {"uv": [9, 3.5, 11, 4.5], "texture": "#texture"},
				"south": {"uv": [9.5, 3.5, 10, 4.5], "texture": "#texture"},
				"west": {"uv": [5, 3.5, 7, 4.5], "texture": "#texture"},
				"up": {"uv": [9.5, 5, 10, 7], "texture": "#texture"},
				"down": {"uv": [9.5, 9, 10, 11], "texture": "#texture"}
			}
		},
		{
			"name": "Box59",
			"from": [9.5, 9, 5],
			"to": [10, 11.5, 7],
			"faces": {
				"north": {"uv": [6, 4.5, 6.5, 7], "texture": "#texture4"},
				"east": {"uv": [9, 4.5, 11, 7], "texture": "#texture4"},
				"south": {"uv": [9.5, 4.5, 10, 7], "texture": "#texture4"},
				"west": {"uv": [5, 4.5, 7, 7], "texture": "#texture4"},
				"up": {"uv": [9.5, 5, 10, 7], "texture": "#texture4"},
				"down": {"uv": [9.5, 9, 10, 11], "texture": "#texture4"}
			}
		},
		{
			"name": "Box60",
			"from": [9.75, 10, 5.25],
			"to": [11.25, 11.5, 6.75],
			"faces": {
				"north": {"uv": [4.75, 4.5, 6.25, 6], "texture": "#texture4"},
				"east": {"uv": [9.25, 4.5, 10.75, 6], "texture": "#texture4"},
				"south": {"uv": [9.75, 4.5, 11.25, 6], "texture": "#texture4"},
				"west": {"uv": [5.25, 4.5, 6.75, 6], "texture": "#texture4"},
				"up": {"uv": [9.75, 5.25, 11.25, 6.75], "texture": "#texture4"},
				"down": {"uv": [9.75, 9.25, 11.25, 10.75], "texture": "#texture4"}
			}
		},
		{
			"name": "Box61",
			"from": [9.875, 11.5, 5.25],
			"to": [10.375, 12.5, 6.75],
			"rotation": {"angle": -22.5, "axis": "z", "origin": [9.875, 12.5, 6.75]},
			"faces": {
				"north": {"uv": [15, 16, 14, 15], "texture": "#texture4"},
				"east": {"uv": [1, 15, 2, 16], "rotation": 180, "texture": "#texture4"},
				"south": {"uv": [2, 16, 1, 15], "texture": "#texture4"},
				"west": {"uv": [14, 15, 15, 16], "rotation": 180, "texture": "#texture4"},
				"up": {"uv": [14, 1, 15, 2], "texture": "#texture4"},
				"down": {"uv": [14, 14, 15, 15], "texture": "#texture4"}
			}
		},
		{
			"name": "Box62",
			"from": [11, 9, 5.5],
			"to": [13, 10, 6.5],
			"faces": {
				"north": {"uv": [3, 6, 5, 7], "texture": "#texture1"},
				"east": {"uv": [9.5, 6, 10.5, 7], "texture": "#texture1"},
				"south": {"uv": [11, 6, 13, 7], "texture": "#texture1"},
				"west": {"uv": [5.5, 6, 6.5, 7], "texture": "#texture1"},
				"up": {"uv": [11, 5.5, 13, 6.5], "texture": "#texture1"},
				"down": {"uv": [11, 9.5, 13, 10.5], "texture": "#texture1"}
			}
		},
		{
			"name": "Box64",
			"from": [11, 10, 5.25],
			"to": [11.5, 11, 6.75],
			"faces": {
				"north": {"uv": [4.5, 5, 5, 6], "texture": "#texture4"},
				"east": {"uv": [9.25, 5, 10.75, 6], "texture": "#texture4"},
				"south": {"uv": [11, 5, 11.5, 6], "texture": "#texture4"},
				"west": {"uv": [5.25, 5, 6.75, 6], "texture": "#texture4"},
				"up": {"uv": [11, 5.25, 11.5, 6.75], "texture": "#texture4"},
				"down": {"uv": [11, 9.25, 11.5, 10.75], "texture": "#texture4"}
			}
		},
		{
			"name": "Box65",
			"from": [11, 11, 5.25],
			"to": [11.5, 11.5, 6.75],
			"rotation": {"angle": 22.5, "axis": "z", "origin": [11.5, 11, 6.75]},
			"faces": {
				"north": {"uv": [11, 4.5, 11.5, 5], "texture": "#texture4"},
				"east": {"uv": [14, 4.5, 15, 5], "texture": "#texture4"},
				"south": {"uv": [4.5, 4.5, 5, 5], "texture": "#texture4"},
				"west": {"uv": [1, 4.5, 2, 5], "texture": "#texture4"},
				"up": {"uv": [11, 14, 11.5, 15], "rotation": 180, "texture": "#texture4"},
				"down": {"uv": [11, 1, 11.5, 2], "rotation": 180, "texture": "#texture4"}
			}
		},
		{
			"name": "Box66",
			"from": [10.25, 8.5, 5.5],
			"to": [12.25, 9, 6.5],
			"faces": {
				"north": {"uv": [4, 7, 6, 7.5], "texture": "#texture1"},
				"east": {"uv": [9.75, 7, 10.75, 7.5], "texture": "#texture1"},
				"south": {"uv": [10, 7, 12, 7.5], "texture": "#texture1"},
				"west": {"uv": [5.25, 7, 6.25, 7.5], "texture": "#texture1"},
				"up": {"uv": [10, 5.25, 12, 6.25], "texture": "#texture1"},
				"down": {"uv": [10, 9.75, 12, 10.75], "texture": "#texture1"}
			}
		},
		{
			"name": "Box67",
			"from": [8, 8, 5.75],
			"to": [8.5, 9, 6.25],
			"faces": {
				"north": {"uv": [7.5, 7, 8, 8], "texture": "#texture4"},
				"east": {"uv": [9.75, 7, 10.25, 8], "texture": "#texture4"},
				"south": {"uv": [8, 7, 8.5, 8], "texture": "#texture4"},
				"west": {"uv": [5.75, 7, 6.25, 8], "texture": "#texture4"},
				"up": {"uv": [8, 5.75, 8.5, 6.25], "texture": "#texture4"},
				"down": {"uv": [8, 9.75, 8.5, 10.25], "texture": "#texture4"}
			}
		},
		{
			"name": "Box68",
			"from": [8, 7.5, 5.75],
			"to": [8.5, 8, 6.25],
			"rotation": {"angle": 22.5, "axis": "z", "origin": [8, 8, 5.75]},
			"faces": {
				"north": {"uv": [8.5, 8.5, 7.5, 8], "rotation": 90, "texture": "#texture4"},
				"east": {"uv": [7.5, 14, 8.5, 15], "rotation": 90, "texture": "#texture4"},
				"south": {"uv": [8.5, 8.5, 7.5, 8], "rotation": 270, "texture": "#texture4"},
				"west": {"uv": [8.5, 2, 7.5, 1], "rotation": 270, "texture": "#texture4"},
				"up": {"uv": [15, 8.5, 14, 8], "rotation": 270, "texture": "#texture4"},
				"down": {"uv": [1, 8, 2, 8.5], "rotation": 90, "texture": "#texture4"}
			}
		},
		{
			"name": "Box69",
			"from": [8.25, 7.5, 5.75],
			"to": [9.75, 8, 6.25],
			"faces": {
				"north": {"uv": [6.25, 8, 7.75, 8.5], "texture": "#texture4"},
				"east": {"uv": [10, 8, 10.5, 8.5], "texture": "#texture4"},
				"south": {"uv": [8.25, 8, 9.75, 8.5], "texture": "#texture4"},
				"west": {"uv": [5.5, 8, 6, 8.5], "texture": "#texture4"},
				"up": {"uv": [8.25, 5.5, 9.75, 6], "texture": "#texture4"},
				"down": {"uv": [8.25, 10, 9.75, 10.5], "texture": "#texture4"}
			}
		},
		{
			"name": "Box70",
			"from": [9.75, 7.5, 5.75],
			"to": [10.25, 8, 6.25],
			"rotation": {"angle": 45, "axis": "z", "origin": [9.75, 7.5, 5.75]},
			"faces": {
				"north": {"uv": [5.5, 8, 6.5, 8.5], "texture": "#texture4"},
				"east": {"uv": [1, 8, 2, 8.5], "texture": "#texture4"},
				"south": {"uv": [9.5, 8, 10.5, 8.5], "texture": "#texture4"},
				"west": {"uv": [14, 8, 15, 8.5], "texture": "#texture4"},
				"up": {"uv": [9.5, 14, 10.5, 15], "texture": "#texture4"},
				"down": {"uv": [9.5, 1, 10.5, 2], "texture": "#texture4"}
			}
		},
		{
			"name": "Box71",
			"from": [9.625, 7.875, 5.75],
			"to": [10.125, 9.375, 6.25],
			"faces": {
				"north": {"uv": [5.875, 6.625, 6.375, 8.125], "texture": "#texture4"},
				"east": {"uv": [9.75, 6.625, 10.25, 8.125], "texture": "#texture4"},
				"south": {"uv": [9.625, 6.625, 10.125, 8.125], "texture": "#texture4"},
				"west": {"uv": [5.75, 6.625, 6.25, 8.125], "texture": "#texture4"},
				"up": {"uv": [9.625, 5.75, 10.125, 6.25], "texture": "#texture4"},
				"down": {"uv": [9.625, 9.75, 10.125, 10.25], "texture": "#texture4"}
			}
		},
		{
			"name": "Box72",
			"from": [11, 8, 5.5],
			"to": [12.5, 8.5, 6.5],
			"faces": {
				"north": {"uv": [4, 7.5, 6, 8], "texture": "#texture1"},
				"east": {"uv": [1, 7.5, 2, 8], "texture": "#texture1"},
				"south": {"uv": [10, 7.5, 12, 8], "texture": "#texture1"},
				"west": {"uv": [14, 7.5, 15, 8], "texture": "#texture1"},
				"up": {"uv": [10, 14, 12, 15], "texture": "#texture1"},
				"down": {"uv": [10, 1, 12, 2], "texture": "#texture1"}
			}
		},
		{
			"name": "Box73",
			"from": [11.25, 7.5, 5.5],
			"to": [12.25, 8, 6.5],
			"faces": {
				"north": {"uv": [3.75, 8, 4.75, 8.5], "texture": "#texture1"},
				"east": {"uv": [9.5, 8, 10.5, 8.5], "texture": "#texture1"},
				"south": {"uv": [11.25, 8, 12.25, 8.5], "texture": "#texture1"},
				"west": {"uv": [5.5, 8, 6.5, 8.5], "texture": "#texture1"},
				"up": {"uv": [11.25, 5.5, 12.25, 6.5], "texture": "#texture1"},
				"down": {"uv": [11.25, 9.5, 12.25, 10.5], "texture": "#texture1"}
			}
		},
		{
			"name": "Box74",
			"from": [11.5, 7.5, 5.5],
			"to": [12, 8.5, 6.5],
			"faces": {
				"north": {"uv": [4, 7.5, 4.5, 8.5], "texture": "#texture1"},
				"east": {"uv": [9.5, 7.5, 10.5, 8.5], "texture": "#texture1"},
				"south": {"uv": [11.5, 7.5, 12, 8.5], "texture": "#texture1"},
				"west": {"uv": [5.5, 7.5, 6.5, 8.5], "texture": "#texture1"},
				"up": {"uv": [11.5, 5.5, 12, 6.5], "texture": "#texture1"},
				"down": {"uv": [11.5, 9.5, 12, 10.5], "texture": "#texture1"}
			}
		},
		{
			"name": "Box75",
			"from": [11.75, 6, 5.5],
			"to": [12.75, 7.5, 6.5],
			"faces": {
				"north": {"uv": [4, 8.5, 5, 10], "texture": "#texture1"},
				"east": {"uv": [9.5, 8.5, 10.5, 10], "texture": "#texture1"},
				"south": {"uv": [11, 8.5, 12, 10], "texture": "#texture1"},
				"west": {"uv": [5.5, 8.5, 6.5, 10], "texture": "#texture1"},
				"up": {"uv": [11, 5.5, 12, 6.5], "texture": "#texture1"},
				"down": {"uv": [11, 9.5, 12, 10.5], "texture": "#texture1"}
			}
		},
		{
			"name": "Box76",
			"from": [12.75, 6, 5.5],
			"to": [13.25, 9.5, 6.5],
			"faces": {
				"north": {"uv": [3.5, 6.5, 4, 10], "texture": "#texture1"},
				"east": {"uv": [9.5, 6.5, 10.5, 10], "texture": "#texture1"},
				"south": {"uv": [12, 6.5, 12.5, 10], "texture": "#texture1"},
				"west": {"uv": [5.5, 6.5, 6.5, 10], "texture": "#texture1"},
				"up": {"uv": [12, 5.5, 12.5, 6.5], "texture": "#texture1"},
				"down": {"uv": [12, 9.5, 12.5, 10.5], "texture": "#texture1"}
			}
		},
		{
			"name": "Box77",
			"from": [13, 6.5, 5.5],
			"to": [13.5, 9, 6.5],
			"faces": {
				"north": {"uv": [3.25, 7, 3.75, 9.5], "texture": "#texture1"},
				"east": {"uv": [9.5, 7, 10.5, 9.5], "texture": "#texture1"},
				"south": {"uv": [12.25, 7, 12.75, 9.5], "texture": "#texture1"},
				"west": {"uv": [5.5, 7, 6.5, 9.5], "texture": "#texture1"},
				"up": {"uv": [12.25, 5.5, 12.75, 6.5], "texture": "#texture1"},
				"down": {"uv": [12.25, 9.5, 12.75, 10.5], "texture": "#texture1"}
			}
		},
		{
			"name": "Box78",
			"from": [12, 6.5, 5.25],
			"to": [13, 9, 6.75],
			"faces": {
				"north": {"uv": [3.75, 7, 4.75, 9.5], "texture": "#texture1"},
				"east": {"uv": [9.25, 7, 10.75, 9.5], "texture": "#texture1"},
				"south": {"uv": [11.25, 7, 12.25, 9.5], "texture": "#texture1"},
				"west": {"uv": [5.25, 7, 6.75, 9.5], "texture": "#texture1"},
				"up": {"uv": [11.25, 5.25, 12.25, 6.75], "texture": "#texture1"},
				"down": {"uv": [11.25, 9.25, 12.25, 10.75], "texture": "#texture1"}
			}
		},
		{
			"name": "Box80",
			"from": [11.5, 10, 5.5],
			"to": [12.5, 10.5, 6.5],
			"faces": {
				"north": {"uv": [3.5, 5.5, 4.5, 6], "texture": "#texture1"},
				"east": {"uv": [9.5, 5.5, 10.5, 6], "texture": "#texture1"},
				"south": {"uv": [11.5, 5.5, 12.5, 6], "texture": "#texture1"},
				"west": {"uv": [5.5, 5.5, 6.5, 6], "texture": "#texture1"},
				"up": {"uv": [11.5, 5.5, 12.5, 6.5], "texture": "#texture1"},
				"down": {"uv": [11.5, 9.5, 12.5, 10.5], "texture": "#texture1"}
			}
		},
		{
			"name": "Box81",
			"from": [11.5, 10.5, 5.5],
			"to": [12.5, 11, 6.5],
			"rotation": {"angle": -45, "axis": "z", "origin": [11.5, 11, 6.5]},
			"faces": {
				"north": {"uv": [12.5, 5.5, 11.5, 5], "texture": "#texture1"},
				"east": {"uv": [1, 5, 2, 5.5], "rotation": 180, "texture": "#texture1"},
				"south": {"uv": [4.5, 5.5, 3.5, 5], "texture": "#texture1"},
				"west": {"uv": [14, 5, 15, 5.5], "rotation": 180, "texture": "#texture1"},
				"up": {"uv": [11.5, 1, 12.5, 2], "texture": "#texture1"},
				"down": {"uv": [11.5, 14, 12.5, 15], "texture": "#texture1"}
			}
		},
		{
			"name": "Box82",
			"from": [11.5, 6.5, 5.5],
			"to": [12, 7.5, 6.5],
			"faces": {
				"north": {"uv": [4, 8.5, 4.5, 9.5], "texture": "#texture1"},
				"east": {"uv": [9.5, 8.5, 10.5, 9.5], "texture": "#texture1"},
				"south": {"uv": [11.5, 8.5, 12, 9.5], "texture": "#texture1"},
				"west": {"uv": [5.5, 8.5, 6.5, 9.5], "texture": "#texture1"},
				"up": {"uv": [11.5, 5.5, 12, 6.5], "texture": "#texture1"},
				"down": {"uv": [11.5, 9.5, 12, 10.5], "texture": "#texture1"}
			}
		},
		{
			"name": "Box83",
			"from": [9, 8.125, 5.75],
			"to": [9.5, 9.125, 6.25],
			"rotation": {"angle": 22.5, "axis": "z", "origin": [9, 8.125, 5.75]},
			"faces": {
				"north": {"uv": [7, 6.5, 7.5, 7.5], "texture": "#texture"},
				"east": {"uv": [1, 6.5, 2, 7.5], "texture": "#texture"},
				"south": {"uv": [8.5, 6.5, 9, 7.5], "texture": "#texture"},
				"west": {"uv": [14, 6.5, 15, 7.5], "texture": "#texture"},
				"up": {"uv": [8.5, 14, 9, 15], "texture": "#texture"},
				"down": {"uv": [8.5, 1, 9, 2], "texture": "#texture"}
			}
		},
		{
			"name": "Box84",
			"from": [10, 11.5, 5.75],
			"to": [10.5, 12, 6.25],
			"faces": {
				"north": {"uv": [5.5, 4, 6, 4.5], "texture": "#texture"},
				"east": {"uv": [9.75, 4, 10.25, 4.5], "texture": "#texture"},
				"south": {"uv": [10, 4, 10.5, 4.5], "texture": "#texture"},
				"west": {"uv": [5.75, 4, 6.25, 4.5], "texture": "#texture"},
				"up": {"uv": [10, 5.75, 10.5, 6.25], "texture": "#texture"},
				"down": {"uv": [10, 9.75, 10.5, 10.25], "texture": "#texture"}
			}
		},
		{
			"name": "Box61",
			"from": [10.325, 11.3, 5.25],
			"to": [10.825, 12.3, 6.75],
			"rotation": {"angle": -45, "axis": "z", "origin": [10.325, 12.3, 6.75]},
			"faces": {
				"north": {"uv": [15, 16, 14, 15], "texture": "#texture4"},
				"east": {"uv": [1, 15, 2, 16], "rotation": 180, "texture": "#texture4"},
				"south": {"uv": [2, 16, 1, 15], "texture": "#texture4"},
				"west": {"uv": [14, 15, 15, 16], "rotation": 180, "texture": "#texture4"},
				"up": {"uv": [14, 1, 15, 2], "texture": "#texture4"},
				"down": {"uv": [14, 14, 15, 15], "texture": "#texture4"}
			}
		},
		{
			"name": "Box61",
			"from": [9.675, 11.475, 5.25],
			"to": [10.675, 11.975, 6.75],
			"rotation": {"angle": 22.5, "axis": "z", "origin": [10.675, 11.975, 6.75]},
			"faces": {
				"north": {"uv": [14, 15, 15, 16], "rotation": 90, "texture": "#texture4"},
				"east": {"uv": [14, 1, 15, 2], "rotation": 90, "texture": "#texture4"},
				"south": {"uv": [1, 15, 2, 16], "rotation": 270, "texture": "#texture4"},
				"west": {"uv": [15, 15, 14, 14], "rotation": 270, "texture": "#texture4"},
				"up": {"uv": [15, 16, 14, 15], "rotation": 90, "texture": "#texture4"},
				"down": {"uv": [1, 15, 2, 16], "rotation": 270, "texture": "#texture4"}
			}
		},
		{
			"name": "Box87",
			"from": [10.5, 11.5, 5.75],
			"to": [11, 12, 6.25],
			"rotation": {"angle": 22.5, "axis": "z", "origin": [10.5, 11.5, 5.75]},
			"faces": {
				"north": {"uv": [3, 2.5, 4, 3], "texture": "#texture"},
				"east": {"uv": [1, 2.5, 2, 3], "texture": "#texture"},
				"south": {"uv": [12, 2.5, 13, 3], "texture": "#texture"},
				"west": {"uv": [14, 2.5, 15, 3], "texture": "#texture"},
				"up": {"uv": [12, 14, 13, 15], "texture": "#texture"},
				"down": {"uv": [12, 1, 13, 2], "texture": "#texture"}
			}
		},
		{
			"name": "Box88",
			"from": [10.5, 11.875, 5.75],
			"to": [11, 12.375, 6.25],
			"rotation": {"angle": -22.5, "axis": "z", "origin": [10.5, 11.875, 5.75]},
			"faces": {
				"north": {"uv": [5, 3.5, 5.5, 4], "texture": "#texture"},
				"east": {"uv": [10.25, 4, 9.75, 3.5], "rotation": 180, "texture": "#texture"},
				"south": {"uv": [10.5, 3.5, 11, 4], "texture": "#texture"},
				"west": {"uv": [6.25, 4, 5.75, 3.5], "rotation": 180, "texture": "#texture"},
				"up": {"uv": [11, 6.25, 10.5, 5.75], "rotation": 180, "texture": "#texture"},
				"down": {"uv": [11, 10.25, 10.5, 9.75], "rotation": 180, "texture": "#texture"}
			}
		},
		{
			"name": "Box89",
			"from": [0, 11.75, 5.75],
			"to": [5.5, 12.25, 6.25],
			"faces": {
				"north": {"uv": [10.5, 3.75, 16, 4.25], "texture": "#texture"},
				"east": {"uv": [9.75, 3.75, 10.25, 4.25], "texture": "#texture"},
				"south": {"uv": [0, 3.75, 5.5, 4.25], "texture": "#texture"},
				"west": {"uv": [5.75, 3.75, 6.25, 4.25], "texture": "#texture"},
				"up": {"uv": [0, 5.75, 5.5, 6.25], "texture": "#texture"},
				"down": {"uv": [0, 9.75, 5.5, 10.25], "texture": "#texture"}
			}
		},
		{
			"name": "Box90",
			"from": [12.25, 6.75, 5],
			"to": [12.75, 7.25, 7],
			"faces": {
				"north": {"uv": [3.25, 8.75, 3.75, 9.25], "texture": "#texture"},
				"east": {"uv": [9, 8.75, 11, 9.25], "texture": "#texture"},
				"south": {"uv": [12.25, 8.75, 12.75, 9.25], "texture": "#texture"},
				"west": {"uv": [5, 8.75, 7, 9.25], "texture": "#texture"},
				"up": {"uv": [12.25, 5, 12.75, 7], "texture": "#texture"},
				"down": {"uv": [12.25, 9, 12.75, 11], "texture": "#texture"}
			}
		},
		{
			"name": "Box91",
			"from": [10, 9, 5.25],
			"to": [11, 10, 6.75],
			"faces": {
				"north": {"uv": [5, 6, 6, 7], "texture": "#texture4"},
				"east": {"uv": [9.25, 6, 10.75, 7], "texture": "#texture4"},
				"south": {"uv": [10, 6, 11, 7], "texture": "#texture4"},
				"west": {"uv": [5.25, 6, 6.75, 7], "texture": "#texture4"},
				"up": {"uv": [10, 5.25, 11, 6.75], "texture": "#texture4"},
				"down": {"uv": [10, 9.25, 11, 10.75], "texture": "#texture4"}
			}
		},
		{
			"name": "Box92",
			"from": [11, 9, 5.25],
			"to": [11.5, 10, 6.75],
			"rotation": {"angle": -45, "axis": "z", "origin": [11.5, 10, 5.25]},
			"faces": {
				"north": {"uv": [2, 16, 1.5, 14.5], "texture": "#texture4"},
				"east": {"uv": [14, 14.5, 15, 16], "rotation": 180, "texture": "#texture4"},
				"south": {"uv": [14.5, 16, 14, 14.5], "texture": "#texture4"},
				"west": {"uv": [1, 14.5, 2, 16], "rotation": 180, "texture": "#texture4"},
				"up": {"uv": [14, 1, 14.5, 2], "rotation": 180, "texture": "#texture4"},
				"down": {"uv": [14, 14, 14.5, 15], "rotation": 180, "texture": "#texture4"}
			}
		},
		{
			"name": "Box93",
			"from": [-2.001, 11.25, 5.75],
			"to": [-2, 11.75, 6.25],
			"faces": {
				"north": {"uv": [1.999, 4, 2, 4.5], "texture": "#texture3"},
				"east": {"uv": [1, 4, 2, 4.5], "texture": "#texture3"},
				"south": {"uv": [14, 4, 14.001, 4.5], "texture": "#texture3"},
				"west": {"uv": [14, 4, 15, 4.5], "texture": "#texture3"},
				"up": {"uv": [14, 14, 14.001, 15], "texture": "#texture3"},
				"down": {"uv": [14, 1, 14.001, 2], "texture": "#texture3"}
			}
		}
	],
	"display": {
		"thirdperson": {
			"rotation": [ 180, -90, 102 ],
			"translation": [ 0.5, 1, -0.75 ],
			"scale": [ 0.55, 0.75, 0.75 ]
		},
		"ground": {
			"rotation": [ 0, 0, 0 ],
			"translation": [ -1.1, 1, 2 ],
			"scale": [ 1.75, 1.75, 1.75 ]
		},
		"fixed": {
			"rotation": [ 0, 0, 0 ],
			"translation": [ 0, 0, -1.32 ],
			"scale": [ 1, 1, 1 ]
		},
		"firstperson": {
			"rotation": [ 0, -127, 0 ],
			"translation": [ -3, 4, 0 ],
			"scale": [ 1.45, 1.45, 1.45 ]
		},
		"gui": {
			"rotation": [ 0, -30, 0 ],
			"translation": [ 3, 1, 0 ],
			"scale": [ 1.25, 1.75, 1.75 ]
		}
	}
}