{
  "RaumForm": {
    "category": "master",
    "sounds": [
      "RaumForm"
    ]
  },
  "RaumHit1": {
    "category": "master",
    "sounds": [
      "RaumHit1"
    ]
  },
  "RaumHit2": {
    "category": "master",
    "sounds": [
      "RaumHit2"
    ]
  },
  "RaumMeet1": {
    "category": "master",
    "sounds": [
      "RaumMeet1"
    ]
  },
  "RaumMeet2": {
    "category": "master",
    "sounds": [
      "RaumMeet2"
    ]
  },
  "RaumMusic": {
    "category": "master",
    "sounds": [
      "RaumMusic"
    ]
  },
  "RaumUlt1": {
    "category": "master",
    "sounds": [
      "RaumUlt1"
    ]
  },
  "RaumUlt2": {
    "category": "master",
    "sounds": [
      "RaumUlt2"
    ]
  },
  "RaumUlt3": {
    "category": "master",
    "sounds": [
      "RaumUlt3"
    ]
  },
  "ThanatosUlt1": {
    "category": "master",
    "sounds": [
      "ThanatosUlt1"
    ]
  },
  "ThanatosUlt2": {
    "category": "master",
    "sounds": [
      "ThanatosUlt2"
    ]
  },
  "ThanatosUlt3": {
    "category": "master",
    "sounds": [
      "ThanatosUlt3"
    ]
  },
  "ThanatosUlt4": {
    "category": "master",
    "sounds": [
      "ThanatosUlt4"
    ]
  },
  "ThanatosUlt5": {
    "category": "master",
    "sounds": [
      "ThanatosUlt5"
    ]
  },
  "ThanatosUlt6": {
    "category": "master",
    "sounds": [
      "ThanatosUlt6"
    ]
  },
  "ThanatosUlt7": {
    "category": "master",
    "sounds": [
      "ThanatosUlt7"
    ]
  },
  "ThanatosHiding1": {
    "category": "master",
    "sounds": [
      "ThanatosHiding1"
    ]
  },
  "ThanatosHiding2": {
    "category": "master",
    "sounds": [
      "ThanatosHiding2"
    ]
  },
  "ThanatosHiding3": {
    "category": "master",
    "sounds": [
      "ThanatosHiding3"
    ]
  },
  "ThanatosHiding4": {
    "category": "master",
    "sounds": [
      "ThanatosHiding4"
    ]
  },
  "ThanatosHit1": {
    "category": "master",
    "sounds": [
      "ThanatosHit1"
    ]
  },
  "ThanatosHit2": {
    "category": "master",
    "sounds": [
      "ThanatosHit2"
    ]
  },
  "ThanatosHit3": {
    "category": "master",
    "sounds": [
      "ThanatosHit3"
    ]
  },
  "ThanatosHit4": {
    "category": "master",
    "sounds": [
      "ThanatosHit4"
    ]
  },
  "ThanatosHit5": {
    "category": "master",
    "sounds": [
      "ThanatosHit5"
    ]
  },
  "ThanatosHit6": {
    "category": "master",
    "sounds": [
      "ThanatosHit6"
    ]
  },
  "ThanatosHit7": {
    "category": "master",
    "sounds": [
      "ThanatosHit7"
    ]
  },
  "ThanatosMeet1": {
    "category": "master",
    "sounds": [
      "ThanatosMeet1"
    ]
  },
  "ThanatosMeet2": {
    "category": "master",
    "sounds": [
      "ThanatosMeet2"
    ]
  },
  "ThanatosMeet3": {
    "category": "master",
    "sounds": [
      "ThanatosMeet3"
    ]
  },
  "ThanatosMeet4": {
    "category": "master",
    "sounds": [
      "ThanatosMeet4"
    ]
  },
  "ThanatosMeet5": {
    "category": "master",
    "sounds": [
      "ThanatosMeet5"
    ]
  },
  "ThanatosMeet6": {
    "category": "master",
    "sounds": [
      "ThanatosMeet6"
    ]
  },
  "ThanatosMeet7": {
    "category": "master",
    "sounds": [
      "ThanatosMeet7"
    ]
  },
  "CatFinal1": {
    "category": "master",
    "sounds": [
      "CatFinal1"
    ]
  },
  "CatFinal2": {
    "category": "master",
    "sounds": [
      "CatFinal2"
    ]
  },
  "CatHit1": {
    "category": "master",
    "sounds": [
      "CatHit1"
    ]
  },
  "CatHit2": {
    "category": "master",
    "sounds": [
      "CatHit2"
    ]
  },
  "CatHit3": {
    "category": "master",
    "sounds": [
      "CatHit3"
    ]
  },
  "CatMeet1": {
    "category": "master",
    "sounds": [
      "CatMeet1"
    ]
  },
  "CatMeet2": {
    "category": "master",
    "sounds": [
      "CatMeet2"
    ]
  },
  "CatMeet3": {
    "category": "master",
    "sounds": [
      "CatMeet3"
    ]
  },
  "ThiefHit1": {
    "category": "master",
    "sounds": [
      "ThiefHit1"
    ]
  },
  "ThiefHit2": {
    "category": "master",
    "sounds": [
      "ThiefHit2"
    ]
  },
  "ThiefMeet1": {
    "category": "master",
    "sounds": [
      "ThiefMeet1"
    ]
  },
  "ThiefMeet2": {
    "category": "master",
    "sounds": [
      "ThiefMeet2"
    ]
  },
  "ThiefMeet3": {
    "category": "master",
    "sounds": [
      "ThiefMeet3"
    ]
  },
  "ThiefReveal1": {
    "category": "master",
    "sounds": [
      "ThiefReveal1"
    ]
  },
  "ThiefReveal2": {
    "category": "master",
    "sounds": [
      "ThiefReveal2"
    ]
  },
  "ThiefUlt1": {
    "category": "master",
    "sounds": [
      "ThiefUlt1"
    ]
  },
  "ThiefUlt2": {
    "category": "master",
    "sounds": [
      "ThiefUlt2"
    ]
  },
  "ThiefUlt3": {
    "category": "master",
    "sounds": [
      "ThiefUlt3"
    ]
  },
  "ThiefUlt4": {
    "category": "master",
    "sounds": [
      "ThiefUlt4"
    ]
  },
  "Zealhit1": {
    "category": "master",
    "sounds": [
      "Zealhit1"
    ]
  },
  "Zealhit2": {
    "category": "master",
    "sounds": [
      "Zealhit2"
    ]
  },
  "Zealhit3": {
    "category": "master",
    "sounds": [
      "Zealhit3"
    ]
  },
  "Zealhit4": {
    "category": "master",
    "sounds": [
      "Zealhit4"
    ]
  },
  "Zealhit5": {
    "category": "master",
    "sounds": [
      "Zealhit5"
    ]
  },
  "ZealMeet1": {
    "category": "master",
    "sounds": [
      "ZealMeet1"
    ]
  },
  "ZealMeet2": {
    "category": "master",
    "sounds": [
      "ZealMeet2"
    ]
  },
  "ZealMeet3": {
    "category": "master",
    "sounds": [
      "ZealMeet3"
    ]
  },
  "ZealPass1_1": {
    "category": "master",
    "sounds": [
      "ZealPass1_1"
    ]
  },
  "ZealPass1_2": {
    "category": "master",
    "sounds": [
      "ZealPass1_2"
    ]
  },
  "ZealPass1_3": {
    "category": "master",
    "sounds": [
      "ZealPass1_3"
    ]
  },
  "ZealPass2_1": {
    "category": "master",
    "sounds": [
      "ZealPass2_1"
    ]
  },
  "ZealUlt1": {
    "category": "master",
    "sounds": [
      "ZealUlt1"
    ]
  },
  "ZealUlt2": {
    "category": "master",
    "sounds": [
      "ZealUlt2"
    ]
  },
  "ZealUlt3": {
    "category": "master",
    "sounds": [
      "ZealUlt3"
    ]
  },
  "Ifrit_1": {
    "category": "master",
    "sounds": [
      "Ifrit_1"
    ]
  },
  "Ifrit_2": {
    "category": "master",
    "sounds": [
      "Ifrit_2"
    ]
  },
  "Ifrit_3": {
    "category": "master",
    "sounds": [
      "Ifrit_3"
    ]
  },
  "Ifrit_4": {
    "category": "master",
    "sounds": [
      "Ifrit_4"
    ]
  },
  "Ifrit_5": {
    "category": "master",
    "sounds": [
      "Ifrit_5"
    ]
  },
  "Ifrit_6": {
    "category": "master",
    "sounds": [
      "Ifrit_6"
    ]
  },
  "Ifrit_7": {
    "category": "master",
    "sounds": [
      "Ifrit_7"
    ]
  },
  "Ifrit_8": {
    "category": "master",
    "sounds": [
      "Ifrit_8"
    ]
  },
  "Ifrit_9": {
    "category": "master",
    "sounds": [
      "Ifrit_9"
    ]
  },
  "Frost_Hit_1": {
    "category": "master",
    "sounds": [
      "Frost_Hit_1"
    ]
  },
  "Frost_Hit_2": {
    "category": "master",
    "sounds": [
      "Frost_Hit_2"
    ]
  },
  "Frost_Hit_3": {
    "category": "master",
    "sounds": [
      "Frost_Hit_3"
    ]
  },
  "Frost_Hit_4": {
    "category": "master",
    "sounds": [
      "Frost_Hit_4"
    ]
  },
  "Frost_Kill_1": {
    "category": "master",
    "sounds": [
      "Frost_Kill_1"
    ]
  },
  "Frost_Kill_2": {
    "category": "master",
    "sounds": [
      "Frost_Kill_2"
    ]
  },
  "Frost_Kill_3": {
    "category": "master",
    "sounds": [
      "Frost_Kill_3"
    ]
  },
  "Frost_Kill_4": {
    "category": "master",
    "sounds": [
      "Frost_Kill_4"
    ]
  },
  "Frost_Kill_5": {
    "category": "master",
    "sounds": [
      "Frost_Kill_5"
    ]
  },
  "Frost_Meet_1": {
    "category": "master",
    "sounds": [
      "Frost_Meet_1"
    ]
  },
  "Frost_Meet_2": {
    "category": "master",
    "sounds": [
      "Frost_Meet_2"
    ]
  },
  "Frost_Meet_3": {
    "category": "master",
    "sounds": [
      "Frost_Meet_3"
    ]
  },
  "Frost_Meet_4": {
    "category": "master",
    "sounds": [
      "Frost_Meet_4"
    ]
  },
  "Frost_Meet_5": {
    "category": "master",
    "sounds": [
      "Frost_Meet_5"
    ]
  },
  "Frost_Pass_1": {
    "category": "master",
    "sounds": [
      "Frost_Pass_1"
    ]
  },
  "Frost_Pass_2": {
    "category": "master",
    "sounds": [
      "Frost_Pass_2"
    ]
  },
  "Frost_Pass_3": {
    "category": "master",
    "sounds": [
      "Frost_Pass_3"
    ]
  },
  "Frost_Pass_4": {
    "category": "master",
    "sounds": [
      "Frost_Pass_4"
    ]
  },
  "Frost_Ult_1": {
    "category": "master",
    "sounds": [
      "Frost_Ult_1"
    ]
  },
  "Frost_Ult_2": {
    "category": "master",
    "sounds": [
      "Frost_Ult_2"
    ]
  },
  "Frost_Ult_3": {
    "category": "master",
    "sounds": [
      "Frost_Ult_3"
    ]
  },
  "Frost_Ult_4": {
    "category": "master",
    "sounds": [
      "Frost_Ult_4"
    ]
  },
  "Frost_Ult_5": {
    "category": "master",
    "sounds": [
      "Frost_Ult_5"
    ]
  },
  "Frost_Ult_6": {
    "category": "master",
    "sounds": [
      "Frost_Ult_6"
    ]
  },
  "Test": {
    "category": "master",
    "sounds": [
      "Test"
    ]
  },
  "LobbyMusic": {
    "category": "master",
    "sounds": [
      "LobbyMusic"
    ]
  },
  "RemBlock1": {
    "category": "master",
    "sounds": [
      "RemBlock1"
    ]
  },
  "RemBlock2": {
    "category": "master",
    "sounds": [
      "RemBlock2"
    ]
  },
  "RemHurt1": {
    "category": "master",
    "sounds": [
      "RemHurt1"
    ]
  },
  "RemHurt2": {
    "category": "master",
    "sounds": [
      "RemHurt2"
    ]
  },
  "RemHurt3": {
    "category": "master",
    "sounds": [
      "RemHurt3"
    ]
  },
  "RemHurt4": {
    "category": "master",
    "sounds": [
      "RemHurt4"
    ]
  },
  "RemUlt1": {
    "category": "master",
    "sounds": [
      "RemUlt1"
    ]
  },
  "RemUlt2": {
    "category": "master",
    "sounds": [
      "RemUlt2"
    ]
  },
  "RemUltEffect": {
    "category": "master",
    "sounds": [
      "RemUltEffect"
    ]
  },
  "RemVortex1": {
    "category": "master",
    "sounds": [
      "RemVortex1"
    ]
  },
  "RemVortex2": {
    "category": "master",
    "sounds": [
      "RemVortex2"
    ]
  },
  "RemMusic": {
    "category": "master",
    "sounds": [
      "RemMusic"
    ]
  }
}